"Sp","Betacov","R.Alb","R.Car3","R.Dal1","R.Far1","R.Gut1","R.Po2","R.Po3","R.Stock1","P.Alb","P.Car3","P.Dal1","P.Far1","P.Gut1","P.Po2","P.Po3","P.Stock1","Rank","PropRank","InSample"
"Cynopterus sphinx",1,0.0113052415210689,0.00268817204301075,0.0275590551181102,0.031496062992126,0.00268817204301075,0.0412371134020619,0.0391644908616188,0.0199335548172757,0.261447368421053,0.457820925788945,1.02329147891185,0.424368958658,0.971556247774849,0.8,0.324392143289781,0.596249150177036,8.3125,0.0220089828497854,1
"Rousettus aegyptiacus",1,0.0359712230215827,0.000896057347670251,0.133858267716535,0.0078740157480315,0.0017921146953405,0.0412371134020619,0.00522193211488251,0.0161366872330327,0.244736842105263,0.526163931130359,0.834221442003587,0.56885961480721,0.976128275758219,0.8,0.390326209223847,0.609351154323455,12.25,0.0303734264098922,1
"Eidolon helvum",1,0.079136690647482,0.0017921146953405,0.137795275590551,0.0118110236220472,0.003584229390681,0.00687285223367698,0.00522193211488251,0.0389178927384907,0.231052631578947,0.482860127369703,0.825326772688239,0.543432364495717,0.970758494547665,1,0.390326209223847,0.531223429494679,20.5,0.035641501379144,1
"Eonycteris spelaea",1,0.0611510791366906,0.0152329749103943,0.078740157480315,0.0433070866141732,0.00448028673835125,0.0412371134020619,0.0391644908616188,0.0237304224015187,0.236973684210526,0.373476061675537,0.91153826467712,0.41670677340564,0.965983994389957,0.8,0.324392143289781,0.578234284293689,18.875,0.0383804514431405,1
"Rousettus leschenaultii",1,0.0102774922918808,0.00448028673835125,0.255905511811024,0.00393700787401575,0.000896057347670251,0.0412371134020619,0.00522193211488251,0.003796867584243,0.261842105263158,0.456310364250336,0.697459433487633,0.575533786118961,0.977294882791808,0.8,0.390326209223847,0.772891645872987,11.625,0.0407190336455161,1
"Rhinolophus ferrumequinum",1,0.00308324768756423,0.025089605734767,0.118110236220472,0.0354330708661417,0.028673835125448,0.151202749140893,0.0809399477806789,0.00094921689606075,0.273552631578947,0.348983991356754,0.874055175628209,0.419585831713048,0.943541189374634,0.6,0.302414121311759,0.874326475673618,17.5625,0.0554352386815033,1
"Pipistrellus pipistrellus",1,0.013360739979445,0.039426523297491,0.00393700787401575,0.0866141732283465,0.104838709677419,0.151202749140893,0.0809399477806789,0.049359278595159,0.260657894736842,0.318960688593588,1.03405714753242,0.369979425158603,0.868954561546873,0.6,0.302414121311759,0.514110982740336,35.8125,0.0662098911966811,1
"Cynopterus brachyotis",1,0.0318602261048304,0.00985663082437276,0.141732283464567,0.0984251968503937,0.032258064516129,0.151202749140893,0.0809399477806789,0.0322733744660655,0.246184210526316,0.392153219165135,0.820218802643947,0.362150893139204,0.939392456558616,0.6,0.302414121311759,0.548291531986456,26.3125,0.0723185591434913,1
"Miniopterus schreibersii",1,0.289311408016444,0.0170250896057348,0.0826771653543307,0.0511811023622047,0.039426523297491,0.151202749140893,0.0391644908616188,0.07593735168486,0.190657894736842,0.364008599116936,0.909578640940235,0.409283248641356,0.932449961453237,0.6,0.324392143289781,0.469923851911705,61,0.0932407350404472,1
"Epomophorus gambianus",1,0.127954779033916,0.00537634408602151,0.208661417322835,0.0826771653543307,0.100358422939068,0.151202749140893,0.0809399477806789,0.0256288561936402,0.223552631578947,0.434636380730328,0.757682850809307,0.383053314776728,0.872446284757455,0.6,0.302414121311759,0.576009455552342,47.625,0.0978499602314229,1
"Pteropus giganteus",1,0.0971223021582734,0.0134408602150538,0.208661417322835,0.110236220472441,0.0241935483870968,0.151202749140893,0.0809399477806789,0.119601328903654,0.227105263157895,0.37521118250819,0.757682850809307,0.361108975575104,0.950337109766604,0.6,0.302414121311759,0.421815252898872,47.625,0.100674796797616,1
"Hipposideros armiger",1,0.119218910585817,0.0421146953405018,0.248031496062992,0.118110236220472,0.00806451612903226,0.151202749140893,0.0809399477806789,0.0787850023730422,0.224736842105263,0.316072146154004,0.719083436173111,0.348982451130045,0.963991698219747,0.6,0.302414121311759,0.469081319634966,48.1875,0.105808444204179,1
"Myotis daubentonii",1,0.0719424460431655,0.043010752688172,0.208661417322835,0.0905511811023622,0.0905017921146953,0.151202749140893,0.0809399477806789,0.149976269577598,0.233552631578947,0.315585668810419,0.757682850809307,0.367446505428076,0.883143749777149,0.6,0.302414121311759,0.378936517440278,61.3125,0.1108483194713,1
"Eptesicus serotinus",1,0.0123329907502569,0.0232974910394265,0.125984251968504,0.149606299212598,0.0116487455197133,0.36426116838488,0.130548302872063,0.0740389178927385,0.260789473684211,0.350052920527509,0.86845917099765,0.304416225217393,0.959542998797563,0.4,0.280436099333737,0.471591391811653,34.625,0.111464770955022,1
"Micropteropus pusillus",1,0.0770811921891059,0.00806451612903226,0.263779527559055,0.0275590551181102,0.118279569892473,0.36426116838488,0.0391644908616188,0.0616990982439487,0.232105263157895,0.393551153624399,0.658922583436718,0.427210154210875,0.85933149399865,0.4,0.324392143289781,0.490498532108565,51.9375,0.119986077297278,1
"Rhinolophus pusillus",1,0.0184994861253854,0.0851254480286738,0.196850393700787,0.161417322834646,0.21505376344086,0.36426116838488,0.130548302872063,0.0094921689606075,0.253552631578947,0.279028599050271,0.779886198539024,0.301071509494916,0.721380194265271,0.4,0.280436099333737,0.645411947425658,66.5,0.147656006793488,1
"Pipistrellus abramus",1,0.0544707091469681,0.0833333333333333,0.181102362204724,0.169291338582677,0.14247311827957,0.36426116838488,0.130548302872063,0.0939724727100142,0.237894736842105,0.279308659159514,0.810023229611239,0.298501751872392,0.832523910574838,0.4,0.280436099333737,0.450642390476397,71.375,0.152431600689279,1
"Rhinolophus affinis",1,0.00822199383350463,0.0564516129032258,0.568897637795276,0.137795275590551,0.021505376344086,0.36426116838488,0.130548302872063,0.0246796392975795,0.263026315789474,0.304102188822807,0.538508442944989,0.341709291654369,0.951650552380784,0.4,0.280436099333737,0.578184922237807,47.3125,0.164045125877646,1
"Murina leucogaster",0,0.10945529290853,0.0878136200716846,0.0354330708661417,0.15748031496063,0.0761648745519713,0.151202749140893,0.501305483028721,0.377788324632178,0.226184210526316,0.278372664386774,1.00536320455764,0.301804186374288,0.896168888842429,0.6,0.20351302241066,0.218782032166512,106.8125,0.187080466270094,1
"Rhinolophus sinicus",1,0.039054470709147,0.167562724014337,0.645669291338583,0.122047244094488,0.0958781362007168,0.36426116838488,0.130548302872063,0.0018984337921215,0.243684210526316,0.217908630032173,0.475437872823098,0.348178144189829,0.87876272029516,0.4,0.280436099333737,0.828497615822563,75.875,0.195864971425792,1
"Artibeus lituratus",1,0.809352517985611,0.3584229390681,0.0708661417322835,0.015748031496063,0.187275985663082,0.0412371134020619,0.00522193211488251,0.116753678215472,0.135263157894737,0.109960670424996,0.929475780580157,0.53537455043496,0.779811756074537,0.8,0.390326209223847,0.427503372048132,193.5625,0.200609792459695,1
"Artibeus jamaicensis",0,0.658787255909558,0.386200716845878,0.0393700787401575,0.0236220472440945,0.109318996415771,0.0412371134020619,0.159268929503916,0.270526815377314,0.153026315789474,0.101914539697133,0.975988331076352,0.460236698195409,0.866028284827,0.8,0.269447088344726,0.258082887226002,191.4375,0.211041494179844,1
"Pteropus alecto",1,0.515930113052415,0.264336917562724,0.122047244094488,0.047244094488189,0.443548387096774,0.151202749140893,0.0391644908616188,0.157570004746084,0.173026315789474,0.161926236181193,0.872133056755018,0.411214294102976,0.499959990597927,0.6,0.324392143289781,0.367892480563531,191.3125,0.217630500130398,1
"Scotophilus kuhlii",0,0.00513874614594039,0.823476702508961,0.0748031496062992,0.0393700787401575,0.267025089605735,0.0412371134020619,0.308093994778068,0.207878500237304,0.270131578947368,0.0212066597654425,0.911700349321196,0.418000708273254,0.648442011544761,0.8,0.247469066366704,0.302509769704373,191.875,0.220877921878066,1
"Hipposideros pomona",0,0.136690647482014,0.0779569892473118,0.484251968503937,0.208661417322835,0.0528673835125448,0.151202749140893,0.501305483028721,0.171808258186996,0.221578947368421,0.280900862402002,0.639598019729521,0.291298225104123,0.924238789414077,0.6,0.20351302241066,0.345964730682151,94.25,0.223093112053157,1
"Taphozous perforatus",1,0.597636176772867,0.00716845878136201,0.251968503937008,0.216535433070866,0.025089605734767,0.36426116838488,0.130548302872063,0.199335548172757,0.1675,0.39889614139135,0.709908497528851,0.284084425103339,0.946810974853267,0.4,0.280436099333737,0.309149439926528,128.0625,0.224067899715821,1
"Myotis ricketti",1,NA,0.111111111111111,0.568897637795276,0.204724409448819,0.116487455197133,0.36426116838488,0.130548302872063,0.178452776459421,NA,0.262450012109383,0.538508442944989,0.291669438563606,0.860488512053254,0.4,0.280436099333737,0.329527655283461,102.357142857143,0.2392118373241,1
"Rousettus amplexicaudatus",1,0.0226104830421377,0.0555555555555556,0.5,0.145669291338583,0.0510752688172043,1,0.130548302872063,0.015187470336972,0.250526315789474,0.305453041463309,0.605611013861592,0.324599767372316,0.926008672315695,0.2,0.280436099333737,0.610401315190508,61.4375,0.240080796495314,1
"Carollia perspicillata",1,0.841212744090442,0.408602150537634,0.031496062992126,0.0196850393700787,0.461469534050179,0.0412371134020619,0.0182767624020888,0.147128618889416,0.130526315789474,0.0972108841392833,1.00729724324751,0.497532452143077,0.485215010522262,0.8,0.368348187245825,0.383978566698441,245.875,0.246138503216753,1
"Chaerephon pumilus",0,0.221993833504625,0.0716845878136201,0.187007874015748,0.200787401574803,0.0725806451612903,0.36426116838488,0.501305483028721,0.374940673943996,0.201447368421053,0.287394695276778,0.804142467993825,0.292565650516427,0.898531955240131,0.4,0.20351302241066,0.219546648313088,127.4375,0.24932020842846,1
"Myotis nattereri",0,0.0688591983556012,0.21594982078853,0.161417322834646,0.255905511811024,0.0689964157706093,0.36426116838488,0.60313315926893,0.318936877076412,0.234210526315789,0.190295007834115,0.814703447715736,0.237750005773081,0.901730761105323,0.4,0.181535000432638,0.237664911240654,124.4375,0.257182434286329,1
"Hipposideros caffer",1,0.285200411099692,0.00896057347670251,0.488188976377953,0.133858267716535,0.00537634408602151,1,0.0809399477806789,0.0673943996203132,0.190921052631579,0.392350776638448,0.619436642274892,0.342603453018098,0.964968577194413,0.2,0.302414121311759,0.483301832213823,85.4375,0.258739865019737,1
"Barbastella barbastellus",0,0.0899280575539568,0.0591397849462366,0.100393700787402,0.31496062992126,0.112007168458781,0.36426116838488,0.60313315926893,0.428096820123398,0.228157894736842,0.302239565913198,0.893975496378212,0.231219995179843,0.8640081874925,0.4,0.181535000432638,0.195565582836719,125.4375,0.258990061180605,1
"Nyctalus noctula",1,0.161356628982528,0.0259856630824373,0.228346456692913,0.303149606299213,0.010752688172043,1,0.227154046997389,0.120550545799715,0.216184210526316,0.346530356420499,0.743308955637129,0.231575564020647,0.960583684278914,0.2,0.258458077355715,0.420552500541698,81.125,0.25966195450328,1
"Taphozous melanopogon",0,0.238437821171634,0.0501792114695341,0.100393700787402,0.318897637795276,0.00896057347670251,0.36426116838488,0.60313315926893,0.413858566682487,0.199605263157895,0.310022347342312,0.893975496378212,0.231060656565544,0.96240168994933,0.4,0.181535000432638,0.201152399699041,126.125,0.262265229879605,1
"Rhinolophus pearsonii",1,0.0164439876670093,0.0439068100358423,0.937007874015748,0.464566929133858,0.0206093189964158,NA,0.383812010443864,0.00474608448030375,0.2575,0.315023179921979,0.351372826632517,0.183929405053331,0.952425984834292,NA,0.236480055377693,0.714913943815014,74.6428571428571,0.267299002110435,1
"Plecotus auritus",0,0.112024665981501,0.203405017921147,0.100393700787402,0.291338582677165,0.0555555555555556,0.36426116838488,0.60313315926893,0.409112482202183,0.225921052631579,0.198483731211201,0.893975496378212,0.232011094976857,0.920244434504744,0.4,0.181535000432638,0.204061957334779,137.125,0.267403041597345,1
"Rhinolophus mehelyi",1,0.104830421377184,0.0304659498207885,0.856299212598425,0.433070866141732,0.0672043010752688,NA,0.383812010443864,0.007593735168486,0.226447368421053,0.338663241988743,0.403718736183378,0.194216983379659,0.90253073328034,NA,0.236480055377693,0.646420978384491,88.5714285714286,0.269039499517964,1
"Myotis blythii",0,0.0441932168550874,0.189964157706093,0.161417322834646,0.271653543307087,0.03584229390681,0.36426116838488,0.60313315926893,0.489795918367347,0.242368421052632,0.205145880274743,0.814703447715736,0.235507264443134,0.937614680699499,0.4,0.181535000432638,0.170204696909338,136.1875,0.27003259757886,1
"Myotis myotis",0,0.0668036998972251,0.218637992831541,0.161417322834646,0.267716535433071,0.0985663082437276,0.36426116838488,0.60313315926893,0.39297579496915,0.235263157894737,0.187944655097604,0.814703447715736,0.236649229660375,0.875580095031663,0.4,0.181535000432638,0.212075473555539,138.8125,0.271688997732896,1
"Pipistrellus nathusii",1,0.130010277492292,0.0600358422939068,0.228346456692913,0.28740157480315,0.125448028673835,1,0.227154046997389,0.115804461319411,0.223026315789474,0.301846159764113,0.743308955637129,0.233322126337348,0.851033139250872,0.2,0.258458077355715,0.429554975055694,96.9375,0.271775086034112,1
"Pipistrellus kuhlii",1,0.065775950668037,0.0331541218637993,0.574803149606299,0.153543307086614,0.117383512544803,1,0.130548302872063,0.109159943046986,0.235394736842105,0.331709916387308,0.535089797132231,0.30205586491062,0.859815424142974,0.2,0.280436099333737,0.436752749655901,87.8125,0.273046035961075,1
"Rhinolophus blasii",1,0.0498458376156218,0.0161290322580645,0.937007874015748,0.468503937007874,0.0600358422939068,NA,0.383812010443864,0.0056953013763645,0.239736842105263,0.364260517600637,0.351372826632517,0.183816104244141,0.911341730260849,NA,0.236480055377693,0.691009130252593,81.4285714285714,0.274432833573063,1
"Rhinolophus clivosus",1,0.0883864337101747,0.0492831541218638,0.52755905511811,0.228346456692913,0.0681003584229391,1,0.227154046997389,0.0123398196487897,0.228289473684211,0.310820942891525,0.599395432266425,0.272638296114225,0.902353702918835,0.2,0.258458077355715,0.636033588735371,76.375,0.275146165589022,1
"Rhinolophus hipposideros",1,0.0596094552929085,0.0313620071684588,0.856299212598425,0.47244094488189,0.112903225806452,NA,0.383812010443864,0.0218319886093972,0.237105263157895,0.338101166350899,0.403718736183378,0.183704910443957,0.863779611733054,NA,0.236480055377693,0.583601686735695,93.2857142857143,0.276894120685914,1
"Rhinolophus euryale",1,0.104830421377184,0.0268817204301075,0.62992125984252,0.192913385826772,0.0537634408602151,1,0.227154046997389,0.00284765068818225,0.226447368421053,0.344522173700848,0.502929309107118,0.293435947494994,0.92367528120969,0.2,0.258458077355715,0.783100990327278,74.125,0.279788990752796,1
"Rhinolophus macrotis",1,0.00719424460431655,0.0689964157706093,0.937007874015748,0.476377952755905,0.0896057347670251,NA,0.383812010443864,0.00854295206454675,0.265,0.290271122467929,0.351372826632517,0.183312252868019,0.883287605830466,NA,0.236480055377693,0.645477188921834,89.3571428571429,0.281648169203145,1
"Pteropus scapulatus",0,0.306269270298047,0.25089605734767,0.216535433070866,0.173228346456693,0.210573476702509,0.151202749140893,0.501305483028721,0.494542002847651,0.188684210526316,0.169594473137066,0.754713681703482,0.297883587482818,0.735545879894011,0.6,0.20351302241066,0.169092254801311,193.875,0.288069102361631,1
"Epomophorus labiatus",1,0.117163412127441,0.014336917562724,0.635826771653543,0.236220472440945,0.0645161290322581,1,0.227154046997389,0.0313241575700047,0.225263157894737,0.373719777255205,0.491960088587589,0.23998147781372,0.904172979944959,0.2,0.258458077355715,0.553461552985153,80.6875,0.290817738423038,1
"Myotis dasycneme",1,0.210688591983556,0.0913978494623656,0.228346456692913,0.299212598425197,0.0519713261648745,1,0.227154046997389,0.24015187470337,0.203947368421053,0.275799550516705,0.743308955637129,0.231579471603637,0.924813935568674,0.2,0.258458077355715,0.280136994768181,117.625,0.293615343053708,1
"Pteronotus parnellii",1,0.981500513874615,0.603046594982079,0.0590551181102362,0.125984251968504,0.276881720430108,0.151202749140893,0.0809399477806789,0.083531086853346,0.106710526315789,0.0512132768832241,0.941052182047213,0.348033342911709,0.640537033001901,0.6,0.302414121311759,0.460798672181219,263.6875,0.295267747892557,1
"Rhinolophus thomasi",1,0.02672147995889,0.117383512544803,0.856299212598425,0.480314960629921,0.184587813620072,NA,0.383812010443864,0.0332225913621262,0.249210526315789,0.254240251381667,0.403718736183378,0.183062693599787,0.781453879935714,NA,0.236480055377693,0.543558572737677,115.857142857143,0.297477368736872,1
"Sturnira lilium",0,0.695272353545735,0.400537634408602,0.047244094488189,0.062992125984252,0.245519713261649,0.151202749140893,0.308093994778068,0.472710014238253,0.148026315789474,0.0987509417522332,0.9719980773723,0.403941427400365,0.678885726547556,0.6,0.247469066366704,0.173960971651201,250.5625,0.297946584980705,1
"Megaerops niphanae",1,0.0498458376156218,0.00627240143369176,0.856299212598425,0.633858267716535,0.0940860215053763,NA,0.383812010443864,0.087327954437589,0.239736842105263,0.418660565567197,0.403718736183378,0.156261199944803,0.882501046784936,NA,0.236480055377693,0.458803238210407,100.642857142857,0.301643100821586,1
"Scotophilus dinganii",1,0.0760534429599178,0.0510752688172043,0.52755905511811,0.295275590551181,0.0860215053763441,1,0.227154046997389,0.173706691979117,0.232236842105263,0.309565741432431,0.599395432266425,0.231656513827418,0.887151524132102,0.2,0.258458077355715,0.339840008507436,101,0.304605700224908,1
"Dyacopterus spadiceus",1,0.202980472764645,0.0474910394265233,0.856299212598425,0.496062992125984,0.137992831541219,NA,0.383812010443864,0.0408163265306122,0.205526315789474,0.312317668513223,0.403718736183378,0.165001844395503,0.836758970096641,NA,0.236480055377693,0.527066137803461,123.5,0.309350697918753,1
"Epomops franqueti",1,0.16289825282631,0.028673835125448,0.897637795275591,0.0708661417322835,0.170250896057348,1,0.0391644908616188,0.11390602752729,0.216052631578947,0.339780093489772,0.390849475518974,0.401062722280504,0.805354331344155,0.2,0.324392143289781,0.430722965023431,112.4375,0.310424679925736,1
"Scotophilus leucogaster",1,0.158787255909558,0.0448028673835125,0.52755905511811,0.311023622047244,0.0448028673835125,1,0.227154046997389,0.200284765068818,0.216973684210526,0.314961730886739,0.599395432266425,0.231321849007333,0.929871495829192,0.2,0.258458077355715,0.308340801397487,108.4375,0.314301809988518,1
"Vespertilio sinensis",1,0.278006166495375,0.1084229390681,0.259842519685039,0.389763779527559,0.0833333333333333,1,0.227154046997389,0.186995728523968,0.191447368421053,0.263628519068567,0.664416083201355,0.225886585363534,0.887405511766832,0.2,0.258458077355715,0.318605017545189,129.4375,0.316689814203846,1
"Rhinolophus rex",1,0.289311408016444,0.10573476702509,0.52755905511811,0.224409448818898,0.17831541218638,1,0.227154046997389,0.00664451827242525,0.190657894736842,0.264914751072919,0.599395432266425,0.27297174024589,0.792918074383161,0.2,0.258458077355715,0.658442906186048,123.1875,0.319891082054342,1
"Hipposideros pratti",1,0.239465570400822,0.0770609318996416,0.52755905511811,0.362204724409449,0.0421146953405018,1,0.227154046997389,0.106312292358804,0.199473684210526,0.28099999513507,0.599395432266425,0.228323920095238,0.932143947815619,0.2,0.258458077355715,0.438444684533607,111.625,0.32273391456559,1
"Hypsugo savii",1,0.156217882836588,0.03584229390681,0.52755905511811,0.354330708661417,0.14336917562724,1,0.227154046997389,0.144280968201234,0.217368421052632,0.321282136681133,0.599395432266425,0.228703653525865,0.83098929203498,0.2,0.258458077355715,0.386344593005907,114.625,0.323594266418599,1
"Rhinopoma hardwickii",1,0.383864337101747,0.017921146953405,0.52755905511811,0.381889763779528,0.0295698924731183,1,0.227154046997389,0.064546748932131,0.180921052631579,0.36004866293831,0.599395432266425,0.22687106215276,0.943141131620878,0.2,0.258458077355715,0.486305886489433,114.3125,0.329063123919429,1
"Pteropus vampyrus",0,0.0678314491264132,0.137096774193548,0.641732283464567,0.374015748031496,0.0492831541218638,0.36426116838488,0.60313315926893,0.444233507356431,0.235131578947368,0.240323938103381,0.48185660338237,0.227337921527389,0.927002604296489,0.4,0.181535000432638,0.186269338932945,146.0625,0.335198405493516,1
"Pteropus lylei",0,0.18705035971223,0.10663082437276,0.559055118110236,0.338582677165354,0.126344086021505,0.36426116838488,0.60313315926893,0.416706217370669,0.210394736842105,0.264735823883621,0.545145676493606,0.230347694843241,0.850566646944694,0.4,0.181535000432638,0.200172734002253,159.6875,0.337720451300821,1
"Hipposideros larvatus",0,0.13360739979445,0.137992831541219,0.811023622047244,0.385826771653543,0.0304659498207885,0.36426116838488,0.60313315926893,0.24110109159943,0.2225,0.239900887200605,0.430404575002378,0.225943357342568,0.943044391786586,0.4,0.181535000432638,0.278843587186588,130.5625,0.338426499263811,1
"Neoromicia capensis",1,0.12589928057554,0.0725806451612903,0.52755905511811,0.307086614173228,0.269713261648746,1,0.227154046997389,0.180351210251542,0.223684210526316,0.286726119358282,0.599395432266425,0.231357344527662,0.647688731596519,0.2,0.258458077355715,0.328259722962298,136.9375,0.338793014240731,1
"Eptesicus fuscus",0,0.297019527235355,0.727598566308244,0.0137795275590551,0.094488188976378,0.35573476702509,0.151202749140893,0.459530026109661,0.626483151400095,0.189342105263158,0.0320832039937976,1.03171415912897,0.362187749320375,0.569511084747405,0.6,0.225491044388682,0.134001659279776,286.9375,0.340729562969346,1
"Triaenops persicus",1,0.484583761562179,0.0385304659498208,0.52755905511811,0.358267716535433,0.014336917562724,1,0.227154046997389,0.0863787375415282,0.174473684210526,0.319352464709796,0.599395432266425,0.228418491725232,0.958096856112857,0.2,0.258458077355715,0.458962259030059,129.4375,0.342101337658398,1
"Mops condylurus",1,0.374614594039054,0.0340501792114695,0.52755905511811,0.377952755905512,0.0277777777777778,1,0.227154046997389,0.169909824394874,0.181447368421053,0.325777267511995,0.599395432266425,0.227246317599935,0.944102458476509,0.2,0.258458077355715,0.348385870838307,128.9375,0.342377279180523,1
"Myotis emarginatus",1,0.112024665981501,0.184587813620072,0.52755905511811,0.350393700787402,0.0922939068100358,1,0.227154046997389,0.248694826767916,0.225921052631579,0.20916169054564,0.599395432266425,0.229820075983588,0.882799410742652,0.2,0.258458077355715,0.270306352129959,136.5,0.342838502010303,1
"Hipposideros bicolor",0,0.528263103802672,0.270609318996416,0.240157480314961,0.334645669291339,0.238351254480287,0.36426116838488,0.60313315926893,0.181300427147603,0.172236842105263,0.157533549346162,0.730814943105617,0.230742756519431,0.683140722167644,0.4,0.181535000432638,0.325280520338393,198.4375,0.345090197710886,1
"Pteropus hypomelanus",0,0.245118191161357,0.102150537634409,0.559055118110236,0.322834645669291,0.120071684587814,0.36426116838488,0.60313315926893,0.485049833887043,0.198421052631579,0.26731446303007,0.545145676493606,0.231046868685183,0.857083312925379,0.4,0.181535000432638,0.171332581318792,173.75,0.350209292337995,1
"Pipistrellus hesperidus",1,0.154162384378212,0.0376344086021505,0.856299212598425,0.708661417322835,0.176523297491039,NA,0.383812010443864,0.152823920265781,0.217894736842105,0.319368797203369,0.403718736183378,0.155289183533568,0.794843834429756,NA,0.236480055377693,0.375140475555045,145.857142857143,0.352845235871758,1
"Myotis nigricans",0,0.2327852004111,0.661290322580645,0.0137795275590551,0.106299212598425,0.398745519713262,0.151202749140893,0.459530026109661,0.837209302325581,0.200394736842105,0.0428375546359936,1.03171415912897,0.361567268295189,0.551276478410699,0.6,0.225491044388682,0.0749843214097418,304,0.357605232554828,1
"Glossophaga soricina",0,0.774409044193217,0.712365591397849,0.047244094488189,0.0551181102362205,0.279569892473118,0.151202749140893,0.308093994778068,0.535358329378263,0.139210526315789,0.0342798579388568,0.9719980773723,0.409110327517317,0.638600016157084,0.6,0.247469066366704,0.156517860606888,316.4375,0.357920225760727,1
"Megaloglossus woermanni",1,0.171120246659815,0.0905017921146953,0.52755905511811,0.279527559055118,0.489247311827957,1,0.227154046997389,0.0901756051257712,0.213289473684211,0.276609969898196,0.599395432266425,0.234873438466191,0.448995097534798,0.2,0.258458077355715,0.453685411071741,162.8125,0.359410702112357,1
"Rhinolophus eloquens",0,0.0811921891058582,0.362007168458781,0.97244094488189,0.220472440944882,0.203405017921147,NA,0.60313315926893,0.0816326530612245,0.230263157894737,0.109245726899578,0.278204702158004,0.27778725574355,0.75147642972097,NA,0.181535000432638,0.462329179461715,173.5,0.360611939091816,1
"Tadarida brasiliensis",0,0.751284686536485,0.695340501792115,0.0137795275590551,0.114173228346457,0.328853046594982,0.151202749140893,0.459530026109661,0.371143806359753,0.141842105263158,0.0367639279541304,1.03171415912897,0.358625873812818,0.594154968604415,0.6,0.225491044388682,0.220301782750478,300.9375,0.360663446554925,1
"Cynopterus horsfieldii",1,0.104830421377184,0.0887096774193548,0.856299212598425,0.866141732283465,0.172939068100358,NA,0.383812010443864,0.0550545799715235,0.226447368421053,0.278267934879003,0.403718736183378,0.153104578611023,0.802655152176542,NA,0.236480055377693,0.499129396818589,137.571428571429,0.361112386027739,1
"Chaerephon plicatus",1,0.325796505652621,0.0815412186379928,0.635826771653543,0.421259842519685,0.0779569892473118,1,0.227154046997389,0.122448979591837,0.186447368421053,0.279831861599538,0.491960088587589,0.220101404907562,0.895021155149887,0.2,0.258458077355715,0.414324266897949,135.1875,0.361498044287547,1
"Molossus rufus",0,0.831449126413155,0.67831541218638,0.0236220472440945,0.0590551181102362,0.410394265232975,0.0412371134020619,0.308093994778068,0.580920740389179,0.131842105263158,0.0403672884143963,1.02346478379347,0.406190061273898,0.534991648171015,0.8,0.247469066366704,0.143057617623619,340.25,0.366635977219519,1
"Pteronotus davyi",1,0.778006166495375,0.579749103942652,0.0551181102362205,0.18503937007874,0.546594982078853,0.36426116838488,0.130548302872063,0.30374940673944,0.138684210526316,0.0541436511649506,0.943420492917888,0.296511731876703,0.394662274813465,0.4,0.280436099333737,0.245179196314573,309.125,0.367883326353528,1
"Ptenochirus jagori",1,0.312435765673176,0.148745519713262,0.856299212598425,0.602362204724409,0.242831541218638,NA,0.383812010443864,0.0465116279069767,0.188289473684211,0.227228970929963,0.403718736183378,0.156687877892824,0.680906641172352,NA,0.236480055377693,0.51936722651131,176.285714285714,0.370428268896964,1
"Pipistrellus pygmaeus",1,0.182425488180884,0.0931899641577061,0.856299212598425,0.84251968503937,0.132616487455197,NA,0.383812010443864,0.112956810631229,0.210789473684211,0.274065011468893,0.403718736183378,0.153352731834776,0.846354382608249,NA,0.236480055377693,0.430802066838826,150.5,0.371974236929525,1
"Ia io",1,0.0575539568345324,0.0627240143369176,0.856299212598425,0.889763779527559,0.0412186379928315,NA,0.383812010443864,0.31703844328429,0.237368421052632,0.299424952285706,0.403718736183378,0.152666032075432,0.932267903297865,NA,0.236480055377693,0.238311478566066,146.142857142857,0.372630007859774,1
"Hipposideros ruber",1,0.453751284686536,0.132616487455197,0.52755905511811,0.37007874015748,0.14426523297491,1,0.227154046997389,0.136687233032748,0.176184210526316,0.243779107658003,0.599395432266425,0.227468376839839,0.830771124906345,0.2,0.258458077355715,0.39160844256425,163.9375,0.374014010052796,1
"Desmodus rotundus",0,0.811408016443988,0.688172043010753,0.047244094488189,0.0669291338582677,0.260752688172043,0.151202749140893,0.308093994778068,0.659705742762221,0.135131578947368,0.0379525256571107,0.9719980773723,0.403328093954675,0.655659502936962,0.6,0.247469066366704,0.123256468762242,331.6875,0.374188557831803,1
"Artibeus phaeotis",1,0.813463514902364,0.433691756272401,0.0669291338582677,0.0748031496062992,0.85752688172043,0.36426116838488,0.0391644908616188,0.358803986710963,0.135,0.0891522874910032,0.930879530313294,0.398633999937913,0.15297034781389,0.4,0.324392143289781,0.223428974434433,338.375,0.376080510289653,1
"Molossus molossus",0,0.751284686536485,0.640681003584229,0.114173228346457,0.165354330708661,0.405017921146953,0.151202749140893,0.501305483028721,0.298054105363075,0.141842105263158,0.0455895291402833,0.890536142971425,0.298615438432635,0.54097412226339,0.6,0.20351302241066,0.246865688401567,300.125,0.378384188481934,1
"Tylonycteris pachypus",1,0.0308324768756423,0.14426523297491,0.856299212598425,0.897637795275591,0.163082437275986,NA,0.383812010443864,0.220218319886094,0.246447368421053,0.233091956037577,0.403718736183378,0.152342714149103,0.812520091620315,NA,0.236480055377693,0.293728817213813,160.571428571429,0.385163926475787,1
"Aselliscus stoliczkanus",1,0.21634121274409,0.0976702508960574,0.856299212598425,0.921259842519685,0.133512544802867,NA,0.383812010443864,0.117702895111533,0.203157894736842,0.271146204002912,0.403718736183378,0.15148210077187,0.845704700182833,NA,0.236480055377693,0.423217639529235,159.642857142857,0.389513995588075,1
"Myotis mystacinus",0,0.0709146968139774,0.901433691756272,0.100393700787402,0.240157480314961,0.382616487455197,0.36426116838488,0.60313315926893,0.464167062173707,0.233947368421053,0.0148223295795446,0.893975496378212,0.2394727211216,0.558156800698023,0.4,0.181535000432638,0.177297382970295,280.75,0.390884680869416,1
"Rhinolophus cornutus",1,NA,0.245519713261649,0.856299212598425,0.5,0.349462365591398,NA,0.383812010443864,0.0208827717133365,NA,0.171864999074218,0.403718736183378,0.163461339468627,0.573192364568002,NA,0.236480055377693,0.591820411608276,184,0.392662678934779,1
"Hypsignathus monstrosus",0,0.0472764645426516,0.0188172043010753,0.992125984251969,0.188976377952756,0.0824372759856631,1,0.501305483028721,0.327479829140959,0.240921052631579,0.355330042774099,0.240101829145965,0.293741830889306,0.888833976216734,0.2,0.20351302241066,0.234531850947311,130.6875,0.394802327400474,1
"Eptesicus nilssonii",1,0.204522096608428,0.110215053763441,0.856299212598425,0.917322834645669,0.131720430107527,NA,0.383812010443864,0.168011390602753,0.205263157894737,0.262455816407873,0.403718736183378,0.151737123500229,0.847117850586884,NA,0.236480055377693,0.351946526251484,167.142857142857,0.395986146967158,1
"Carollia brevicauda",0,0.7327852004111,0.410394265232975,0.187007874015748,0.196850393700787,0.313620071684588,0.36426116838488,0.501305483028721,0.492643569055529,0.143684210526316,0.0971154009163421,0.804142467993825,0.293073321822916,0.607188784020158,0.4,0.20351302241066,0.169806090124719,285.8125,0.399858503189291,1
"Myotis lucifugus",0,0.546762589928058,0.847222222222222,0.0137795275590551,0.102362204724409,0.3584229390681,0.151202749140893,0.459530026109661,0.741338395823446,0.171315789473684,0.0189563133854723,1.03171415912897,0.362024886607817,0.568113634034114,0.6,0.225491044388682,0.0998113140458498,349.75,0.402577581821981,1
"Eidolon dupreanum",1,0.289311408016444,0.17921146953405,0.925196850393701,0.34251968503937,0.230286738351254,1,0.227154046997389,0.0806834361651637,0.190657894736842,0.211890850357698,0.38523598298085,0.230077059113611,0.694164810850253,0.2,0.258458077355715,0.465709318604218,166.8125,0.409295454312172,1
"Hipposideros galeritus",1,0.316546762589928,0.0824372759856631,0.856299212598425,0.968503937007874,0.0994623655913978,NA,0.383812010443864,0.163265306122449,0.1875,0.279794094948408,0.403718736183378,0.150095433541495,0.873691321740743,NA,0.236480055377693,0.360346672583921,174.285714285714,0.4100466957628,1
"Uroderma bilobatum",0,0.772867420349435,0.490143369175627,0.192913385826772,0.141732283464567,0.258960573476702,0.36426116838488,0.459530026109661,0.649264356905553,0.139473684210526,0.0768362292012497,0.788370293562494,0.326749111546334,0.657394824289243,0.4,0.225491044388682,0.126318258950338,312.25,0.41620907296165,1
"Pteropus conspicillatus",0,0.362281603288798,0.413082437275986,0.559055118110236,0.244094488188976,0.363799283154122,0.36426116838488,0.60313315926893,0.420503084954912,0.182368421052632,0.0966852606607923,0.545145676493606,0.238349306995564,0.564773461265624,0.4,0.181535000432638,0.198709651565087,254.375,0.416276292828355,1
"Pipistrellus subflavus",0,0.358684480986639,0.602150537634409,0.161417322834646,0.275590551181102,0.595878136200717,0.36426116838488,0.60313315926893,0.370194589463692,0.1825,0.0512326271487285,0.814703447715736,0.235241706292144,0.345968068393817,0.4,0.181535000432638,0.220683509493822,294.4375,0.416413743244377,1
"Myotis septentrionalis",0,0.542651593011305,0.818996415770609,0.062992125984252,0.12992125984252,0.670250896057348,0.151202749140893,0.459530026109661,0.497389653535833,0.171447368421053,0.0214526085305873,0.938832159416593,0.347287075987267,0.299141780376147,0.6,0.225491044388682,0.167356142913178,359.125,0.416616839931553,1
"Epomophorus wahlbergi",0,0.0626927029804728,0.0546594982078853,0.37007874015748,0.488188976377953,0.0743727598566308,1,1,0.309444708115804,0.236842105263158,0.306085818263965,0.654902891790269,0.172603470666764,0.896544433717088,0.2,0.159556978454616,0.241875164393084,135.75,0.419929673212028,1
"Phyllostomus hastatus",0,0.792394655704008,0.969534050179211,0.0866141732283465,0.078740157480315,0.325268817204301,0.151202749140893,0.308093994778068,0.718557190317988,0.136973684210526,0.00831191808515259,0.89775558978127,0.392108150027783,0.599723980075271,0.6,0.247469066366704,0.108041626327388,387,0.428800723504141,1
"Rhinolophus creaghi",1,0.273895169578623,0.436379928315412,0.856299212598425,0.460629921259843,0.592293906810036,NA,0.383812010443864,0.0588514475557665,0.191973684210526,0.0888581623849655,0.403718736183378,0.18431747750544,0.352177105378191,NA,0.236480055377693,0.493026898425102,269.214285714286,0.43745165665171,1
"Myotis velifer",0,0.389516957862282,0.669354838709677,0.161417322834646,0.251968503937008,0.698924731182796,0.36426116838488,0.60313315926893,0.363550071191267,0.180657894736842,0.0415001111832849,0.814703447715736,0.237902896769077,0.282694710542378,0.4,0.181535000432638,0.222109704739619,320.3125,0.437765844171436,1
"Vespertilio murinus",0,0.13360739979445,0.0958781362007168,0.37007874015748,0.551181102362205,0.0385304659498208,1,1,0.320835310868533,0.2225,0.272140258126677,0.654902891790269,0.157565372857089,0.934911871394721,0.2,0.159556978454616,0.235764582758833,148.625,0.438763894416651,1
"Rhinolophus hildebrandtii",0,0.0565262076053443,0.328853046594982,0.96259842519685,0.484251968503937,0.181003584229391,NA,1,0.1015662078785,0.2375,0.123511108375471,0.300488109478912,0.181723545297278,0.788300292318715,NA,0.159556978454616,0.445522023868505,184.285714285714,0.444971348572715,1
"Rhinolophus shameli",0,0.107913669064748,0.129032258064516,0.726377952755906,0.448818897637795,0.0967741935483871,1,1,0.0702420503084955,0.226315789473684,0.247203186600002,0.474374651262539,0.189672478965216,0.877454772451192,0.2,0.159556978454616,0.478867357956801,133.3125,0.447394877672481,1
"Nycteris gambiensis",0,0.768242548818088,0.261648745519713,0.12992125984252,0.21259842519685,0.627240143369176,0.36426116838488,0.501305483028721,0.745135263407689,0.140131578947368,0.164477840784689,0.858426049845055,0.290868871932367,0.320779231521022,0.4,0.20351302241066,0.098697115585223,345.0625,0.451294129695955,1
"Rhinolophus rouxii",0,0.12589928057554,0.119175627240143,0.602362204724409,0.429133858267717,0.163978494623656,1,1,0.176554342667299,0.223684210526316,0.253101251679909,0.532659131402882,0.198265757286396,0.81025106757963,0.2,0.159556978454616,0.332583200286885,152.9375,0.452137976012346,1
"Mormoops megalophylla",0,0.677286742034943,0.586917562724014,0.100393700787402,0.330708661417323,0.329749103942652,0.36426116838488,0.60313315926893,0.642619838633128,0.149605263157895,0.0535537387722114,0.893975496378212,0.230793977740887,0.594142914419011,0.4,0.181535000432638,0.128983100468204,329.625,0.454383742149159,1
"Myonycteris torquata",0,0.118191161356629,0.021505376344086,1,0.826771653543307,0.122759856630824,NA,1,0.133839582344566,0.224868421052632,0.352154606819337,0.215257539469714,0.153552267390346,0.854968279094411,NA,0.159556978454616,0.394597719288159,153.214285714286,0.460438232888487,1
"Pteropus poliocephalus",0,0.530832476875642,0.564516129032258,0.807086614173228,0.181102362204724,0.310035842293907,0.36426116838488,0.501305483028721,0.427147603227337,0.172105263157895,0.0578914073730511,0.455549618117581,0.297184396076129,0.609253437922602,0.4,0.20351302241066,0.195576473807637,292.8125,0.460785959902587,1
"Tadarida teniotis",0,0.248715313463515,0.0224014336917563,0.37007874015748,0.740157480314961,0.0268817204301075,1,1,0.286663502610346,0.197631578947368,0.351078323680035,0.654902891790269,0.154958961922652,0.945427935894886,0.2,0.159556978454616,0.251377410472791,152.25,0.461862273833521,1
"Rhinolophus coelophyllus",0,0.0945529290853032,0.161290322580645,0.726377952755906,0.456692913385827,0.174731182795699,1,1,0.0968201233981965,0.227631578947368,0.222729185826537,0.474374651262539,0.1892678714138,0.798902586371323,0.2,0.159556978454616,0.447985732434389,150.8125,0.463808178000197,1
"Rhinolophus stheno",0,0.025693730729702,0.212365591397849,0.726377952755906,0.437007874015748,0.186379928315412,1,1,0.123398196487897,0.249605263157895,0.192491852198205,0.474374651262539,0.190590197839357,0.780213446058113,0.2,0.159556978454616,0.413873306482736,154.0625,0.463902909212814,1
"Hipposideros commersoni",1,0.941932168550874,0.032258064516129,0.856299212598425,0.925196850393701,0.00627240143369176,NA,0.383812010443864,0.153773137161841,0.116973684210526,0.337982461370928,0.403718736183378,0.151440865506325,0.964315789985994,NA,0.236480055377693,0.374269342168425,235.357142857143,0.471363406442647,1
"Pipistrellus coromandra",0,0.0154162384378212,0.134408602150538,0.726377952755906,0.539370078740158,0.1415770609319,1,1,0.226862838158519,0.258289473684211,0.24272358545992,0.474374651262539,0.157708951017069,0.834460542009856,0.2,0.159556978454616,0.289686165670427,152.5625,0.473001596396855,1
"Epomops dobsonii",0,0.0868448098663926,0.145161290322581,0.37007874015748,0.492125984251969,0.337813620071685,1,1,0.352159468438538,0.228947368421053,0.232685122452453,0.654902891790269,0.168424003330923,0.583990412696271,0.2,0.159556978454616,0.226203316703112,193.8125,0.473022989138581,1
"Rhinolophus simulator",0,0.171120246659815,0.14336917562724,0.726377952755906,0.440944881889764,0.218637992831541,1,1,0.0958709065021357,0.213289473684211,0.233321543071129,0.474374651262539,0.190469395427476,0.714657339125554,0.2,0.159556978454616,0.448463963777288,163.125,0.4745401445333,1
"Eumops glaucinus",1,0.837615621788284,0.560931899641577,0.228346456692913,0.263779527559055,0.32078853046595,1,0.227154046997389,0.399620313241576,0.130921052631579,0.0582386131045406,0.743308955637129,0.237238829796651,0.602113020944013,0.2,0.258458077355715,0.210218046799046,316.75,0.479779549548343,1
"Scotophilus nigrita",0,0.144912641315519,0.0367383512544803,0.602362204724409,0.547244094488189,0.00985663082437276,1,1,0.550545799715235,0.219473684210526,0.321251203066018,0.532659131402882,0.157568701078889,0.961873645107785,0.2,0.159556978454616,0.152231155117491,175.25,0.486457465290276,1
"Tylonycteris robustula",0,0.0246659815005139,0.17831541218638,0.726377952755906,0.523622047244094,0.140681003584229,1,1,0.317987660180351,0.250131578947368,0.2119227433581,0.474374651262539,0.158214611690121,0.835398656764755,0.2,0.159556978454616,0.237792340651846,171.1875,0.488956257181434,1
"Pteropus rufus",1,0.584275436793422,0.25,0.925196850393701,0.397637795275591,0.405913978494624,1,0.227154046997389,0.175605125771239,0.168684210526316,0.169652700600735,0.38523598298085,0.22397330727959,0.539055848208587,0.2,0.258458077355715,0.335465145099649,251.3125,0.495722904215746,1
"Myotis volans",0,0.441932168550874,0.799283154121864,0.161417322834646,0.248031496062992,0.796594982078853,0.36426116838488,0.60313315926893,0.551495016611296,0.176973684210526,0.023060260944296,0.814703447715736,0.238153832066289,0.197979488094506,0.4,0.181535000432638,0.152140401186663,383.0625,0.495768558489292,1
"Nyctalus lasiopterus",0,0.168036998972251,0.0412186379928315,0.726377952755906,0.62992125984252,0.0474910394265233,1,1,0.3796867584243,0.214473684210526,0.316902510232524,0.474374651262539,0.156277151233775,0.928683119225119,0.2,0.159556978454616,0.218434872477978,168,0.499091580926791,1
"Rhinolophus monoceros",1,NA,0.35663082437276,0.856299212598425,0.692913385826772,0.684587813620072,NA,0.383812010443864,0.0284765068818225,NA,0.111282728055101,0.403718736183378,0.155511088948182,0.291284792315666,NA,0.236480055377693,0.564281465272191,276.5,0.500453292290619,1
"Nyctinomops laticaudatus",1,0.854573484069887,0.603942652329749,0.228346456692913,0.366141732283465,0.437275985663082,1,0.227154046997389,0.308495491219744,0.128815789473684,0.0512076935468315,0.743308955637129,0.227993346362226,0.507813743478062,0.2,0.258458077355715,0.242183758253279,332.3125,0.503241231157029,1
"Lasiurus cinereus",0,0.318602261048304,0.735663082437276,0.244094488188976,0.346456692913386,0.287634408602151,1,0.60313315926893,0.514475557664926,0.187105263157895,0.0309671907793628,0.730687121611959,0.22993156842654,0.633893726549078,0.2,0.181535000432638,0.163474384177089,300.625,0.506257456265494,1
"Myotis riparius",0,0.242548818088386,0.754480286738351,0.161417322834646,0.259842519685039,0.690860215053763,0.36426116838488,0.60313315926893,0.975794969150451,0.199078947368421,0.0282907378295131,0.814703447715736,0.237364652935868,0.287449932473301,0.4,0.181535000432638,0.0244662367037615,394.0625,0.506542307400556,1
"Nycteris thebaica",0,0.396711202466598,0.0483870967741935,0.37007874015748,0.771653543307087,0.00716845878136201,1,1,0.480303749406739,0.179868421052632,0.311995147134167,0.654902891790269,0.154100013220127,0.964143472235786,0.2,0.159556978454616,0.172451928968748,197.625,0.509287848861683,1
"Myotis capaccinii",0,0.15262076053443,0.0456989247311828,0.726377952755906,0.614173228346457,0.113799283154122,1,1,0.42999525391552,0.218026315789474,0.314083544771728,0.474374651262539,0.15656826681086,0.863408431441647,0.2,0.159556978454616,0.194795066379371,182.125,0.510333175429702,1
"Myotis brandtii",0,0.0991778006166495,0.0582437275985663,0.726377952755906,0.795275590551181,0.0878136200716846,1,1,0.325581395348837,0.226842105263158,0.302468672655172,0.474374651262539,0.153830114009867,0.88462435048103,0.2,0.159556978454616,0.234734401654069,165.75,0.511558760867853,1
"Nyctalus plancyi",0,0.135662898252826,0.205197132616487,0.726377952755906,0.559055118110236,0.156810035842294,1,1,0.310393925011865,0.221842105263158,0.195629229040931,0.474374651262539,0.157441299557173,0.820847162363939,0.2,0.159556978454616,0.241814729366275,190.8125,0.511687132823702,1
"Macroglossus minimus",0,0.0452209660842754,0.136200716845878,0.602362204724409,0.862204724409449,0.197132616487455,1,1,0.311343141907926,0.241842105263158,0.240701173376598,0.532659131402882,0.153164841788255,0.757255054233314,0.2,0.159556978454616,0.241355344221018,181.625,0.519308046307424,1
"Myotis keenii",0,0.484583761562179,0.837813620071685,0.200787401574803,0.177165354330709,0.931003584229391,0.36426116838488,0.501305483028721,0.708115804461319,0.174473684210526,0.0203672332182606,0.758001789925826,0.297476334826381,0.104812904308821,0.4,0.20351302241066,0.11076587859677,429.5625,0.525629522205461,1
"Hipposideros diadema",0,0.247687564234327,0.254480286738351,0.726377952755906,0.688976377952756,0.0707885304659498,1,1,0.242050308495491,0.197894736842105,0.167760782258375,0.474374651262539,0.155589501456678,0.898781983350496,0.2,0.159556978454616,0.277592516447168,194.4375,0.528795127580348,1
"Hipposideros cineraceus",0,0.0899280575539568,0.128136200716846,0.602362204724409,0.893700787401575,0.147849462365591,1,1,0.369245372567632,0.228157894736842,0.248462710240377,0.532659131402882,0.152573984686318,0.829371151913011,0.2,0.159556978454616,0.220745328130725,187.6875,0.528902760666251,1
"Cynomops abrasus",0,0.781603288797533,0.78405017921147,0.161417322834646,0.283464566929134,0.584229390681004,0.36426116838488,0.60313315926893,0.690080683436165,0.138421052631579,0.024644122534582,0.814703447715736,0.234005969317062,0.356225030126271,0.4,0.181535000432638,0.115946986140284,412,0.53152996994297,1
"Artibeus cinereus",0,0.653648509763618,0.585125448028674,0.100393700787402,0.326771653543307,0.842293906810036,0.36426116838488,0.60313315926893,0.822021831988609,0.154605263157895,0.0538184474623802,0.893975496378212,0.230870151300538,0.164313247557621,0.4,0.181535000432638,0.0792311157134633,421.5,0.537206172321932,1
"Dobsonia moluccensis",1,0.548818088386434,0.360215053763441,0.925196850393701,0.401574803149606,0.700716845878136,1,0.227154046997389,0.140484100616991,0.171184210526316,0.109646194286809,0.38523598298085,0.223674617117218,0.28063391781184,0.2,0.258458077355715,0.390289068423476,299,0.538019973648212,1
"Hipposideros abae",0,0.631551901336074,0.243727598566308,0.81496062992126,0.405511811023622,0.422043010752688,1,0.60313315926893,0.228761271950641,0.161973684210526,0.172401861316237,0.425811805635908,0.223488295777189,0.522484755118072,0.2,0.181535000432638,0.289242163623648,271.1875,0.54371117285244,1
"Miniopterus inflatus",0,0.646454265159301,0.255376344086022,0.901574803149606,0.393700787401575,0.217741935483871,1,0.60313315926893,0.335073564309445,0.156315789473684,0.167175467350472,0.388372696259778,0.225005259098753,0.714860698106647,0.2,0.181535000432638,0.232269203401692,262.5,0.544131857357344,1
"Murina aurata",0,0.115107913669065,0.146057347670251,0.602362204724409,0.811023622047244,0.202508960573477,1,1,0.482202183198861,0.225394736842105,0.231735439937579,0.532659131402882,0.15360292686697,0.752259299776324,0.2,0.159556978454616,0.172305397515232,213.125,0.544907778985413,1
"Anoura geoffroyi",0,0.758992805755396,0.675627240143369,0.494094488188976,0.417322834645669,0.292114695340502,0.36426116838488,0.60313315926893,0.820123398196488,0.141315789473684,0.0405161646759284,0.606938045040307,0.22093195821029,0.62681496839671,0.4,0.181535000432638,0.07967301776277,385.3125,0.553208723740526,1
"Cynomops planirostris",0,0.822199383350462,0.801075268817204,0.161417322834646,0.232283464566929,0.723118279569892,0.36426116838488,0.60313315926893,0.740389178927385,0.133289473684211,0.0229931461702035,0.814703447715736,0.241702343242509,0.262137333487814,0.4,0.181535000432638,0.10006289950969,443.6875,0.555984653215041,1
"Hipposideros vittatus",0,0.558067831449126,0.112903225806452,0.726377952755906,0.700787401574803,0.129928315412186,1,1,0.261034646416706,0.170131578947368,0.259203742276581,0.474374651262539,0.155378916196995,0.847862772054076,0.2,0.159556978454616,0.262972553260552,223.5625,0.561137421676897,1
"Hipposideros gigas",0,0.591983556012333,0.0654121863799283,0.726377952755906,0.716535433070866,0.0654121863799283,1,1,0.345514950166113,0.167894736842105,0.294137653229853,0.474374651262539,0.155227296346363,0.903943371752236,0.2,0.159556978454616,0.229606320601035,223.6875,0.563904533095634,1
"Philetor brachypterus",0,0.168036998972251,0.230286738351254,0.37007874015748,0.574803149606299,0.235663082437276,1,1,0.937826293308021,0.214473684210526,0.180349850080228,0.654902891790269,0.157033781125877,0.686032819877568,0.2,0.159556978454616,0.0432248748881311,281.0625,0.564586875354073,1
"Myotis longipes",0,0.282631038026721,0.163978494623656,0.726377952755906,0.645669291338583,0.229390681003584,1,1,0.471760797342193,0.191052631578947,0.220327781971428,0.474374651262539,0.155925317069568,0.697647090327261,0.2,0.159556978454616,0.1740031763846,237.0625,0.56497603188633,1
"Scotophilus nux",0,0.195786228160329,0.231182795698925,0.726377952755906,0.503937007874016,0.317204301075269,1,1,0.60749881347888,0.207763157894737,0.179737359569373,0.474374651262539,0.159945644479718,0.605047252864101,0.2,0.159556978454616,0.138626741501947,261.5,0.572748387380415,1
"Saccolaimus saccolaimus",0,0.510791366906475,0.0788530465949821,0.37007874015748,0.87007874015748,0.0501792114695341,1,1,0.726150925486474,0.173157894736842,0.280766718260816,0.654902891790269,0.153072657738364,0.926466467673882,0.2,0.159556978454616,0.105844975744816,257.25,0.575766503846553,1
"Myotis macrodactylus",0,0.261048304213772,0.307347670250896,0.602362204724409,0.830708661417323,0.188172043010753,1,1,0.448030374940674,0.194868421052632,0.135589315814553,0.532659131402882,0.153533298073583,0.779599507819652,0.2,0.159556978454616,0.185516894833739,247.5,0.579708657319728,1
"Hipposideros speoris",0,0.663926002055498,0.103942652329749,0.602362204724409,0.956692913385827,0.0869175627240143,1,1,0.224015187470337,0.151447368421053,0.265345857424094,0.532659131402882,0.150212223161664,0.885931499852193,0.2,0.159556978454616,0.291046928589575,228.5,0.579732065336229,1
"Neoromicia nanus",0,NA,0.0940860215053763,0.726377952755906,0.724409448818898,0.114695340501792,1,1,0.421452301850973,NA,0.273907233188623,0.474374651262539,0.155079579796668,0.863155349618084,0.2,0.159556978454616,0.198635436209608,197.5,0.583003009347564,1
"Myotis horsfieldii",0,0.0215827338129496,0.162186379928315,0.726377952755906,0.720472440944882,0.158602150537634,1,1,0.922638822971049,0.250921052631579,0.220771912158972,0.474374651262539,0.155130718644495,0.818203423310925,0.2,0.159556978454616,0.0507916575373202,256.9375,0.588982560118842,1
"Hipposideros lankadiva",0,0.687564234326824,0.101254480286738,0.602362204724409,0.929133858267717,0.0887096774193548,1,1,0.306597057427622,0.148684210526316,0.26791162035986,0.532659131402882,0.151385377509121,0.88409842083745,0.2,0.159556978454616,0.243055971068152,241.25,0.589452689056583,1
"Pipistrellus inexspectatus",0,0.190133607399794,0.292114695340502,0.726377952755906,0.535433070866142,0.458781362007168,1,1,0.522069292833412,0.209605263157895,0.144792226938524,0.474374651262539,0.157779006365934,0.487050838983152,0.2,0.159556978454616,0.160157843424752,278.8125,0.590613747650366,1
"Miniopterus pusillus",0,0.379753340184995,0.133512544802867,0.726377952755906,0.775590551181102,0.181899641577061,1,1,0.598955861414333,0.181184210526316,0.243157751608999,0.474374651262539,0.154096495337707,0.787771903500521,0.2,0.159556978454616,0.140309746680017,258.875,0.599511236489533,1
"Rhinolophus capensis",0,0.450154162384378,0.478494623655914,0.726377952755906,0.44488188976378,0.661290322580645,1,1,0.0541053630754627,0.176447368421053,0.0801505418315819,0.474374651262539,0.190292010268978,0.302075040292643,0.2,0.159556978454616,0.502065112956679,300.1875,0.601913039277011,1
"Miniopterus magnater",0,0.249743062692703,0.197132616487455,0.726377952755906,0.807086614173228,0.134408602150538,1,1,0.701471286188894,0.1975,0.201247695401048,0.474374651262539,0.153607206590495,0.845659040364371,0.2,0.159556978454616,0.112664096363926,259.8125,0.60202751680609,1
"Hipposideros lekaguli",0,0.572970195272354,0.263440860215054,0.726377952755906,0.755905511811024,0.233870967741935,1,1,0.299003322259136,0.169210526315789,0.162412753526592,0.474374651262539,0.154790109808039,0.687675649885262,0.2,0.159556978454616,0.246481489854422,267.625,0.606446101256926,1
"Eptesicus furinalis",0,0.241007194244604,0.623655913978495,0.37007874015748,0.515748031496063,0.511648745519713,1,1,0.615092548647366,0.199342105263158,0.0485047168972764,0.654902891790269,0.158546557839902,0.42781408154919,0.2,0.159556978454616,0.137146923073419,338.9375,0.609653896755465,1
"Myotis punicus",0,0.2327852004111,0.131720430107527,0.726377952755906,0.783464566929134,0.526881720430108,1,1,0.477456098718557,0.200394736842105,0.245258640491092,0.474374651262539,0.153991628624119,0.4144599041638,0.2,0.159556978454616,0.173009989126165,273.125,0.609835746169041,1
"Lasiurus ega",0,0.224563206577595,0.629032258064516,0.37007874015748,0.637795275590551,0.232974910394265,1,1,0.788799240626483,0.201315789473684,0.0475260709552199,0.654902891790269,0.156004705820332,0.688284043965626,0.2,0.159556978454616,0.0869006266052813,325.5625,0.610405453926361,1
"Rhinolophus megaphyllus",0,0.377183967112025,0.693548387096774,0.726377952755906,0.452755905511811,0.57168458781362,1,1,0.111058376839108,0.181315789473684,0.0369508268097518,0.474374651262539,0.18965140999529,0.369788673046384,0.2,0.159556978454616,0.432544108341906,316.5625,0.616576147141155,1
"Phyllostomus discolor",0,0.784686536485098,0.921146953405018,0.478346456692913,0.425196850393701,0.258064516129032,1,0.60313315926893,0.50593260560038,0.138026315789474,0.0135391192150985,0.652710544402513,0.219309777443228,0.65750423562696,0.2,0.181535000432638,0.165193385380339,387.875,0.622063384746884,1
"Syconycteris australis",0,0.474820143884892,0.437275985663082,0.950787401574803,0.507874015748031,0.720430107526882,NA,1,0.283815851922164,0.174736842105263,0.0884367440778174,0.317299235934557,0.159606898252982,0.264363493193108,NA,0.159556978454616,0.252482564202358,373.571428571429,0.625000500902836,1
"Cardioderma cor",0,0.683967112024666,0.403225806451613,0.726377952755906,0.818897637795276,0.0573476702508961,1,1,0.315140009492169,0.148947368421053,0.0985473550369901,0.474374651262539,0.153576131441018,0.917465534213384,0.2,0.159556978454616,0.238504907476754,280.125,0.625619523596316,1
"Rhinonicteris aurantia",1,0.952723535457348,0.340501792114695,0.856299212598425,0.94488188976378,0.779569892473118,NA,0.383812010443864,0.128144280968201,0.115789473684211,0.117564548707305,0.403718736183378,0.15085838237167,0.217074635829202,NA,0.236480055377693,0.40569409230886,406.142857142857,0.626561801974205,1
"Lasionycteris noctivagans",0,0.600205549845838,0.783154121863799,0.37007874015748,0.562992125984252,0.543906810035842,1,1,0.243948742287613,0.167105263157895,0.024683252340718,0.654902891790269,0.157360795767593,0.397723232224697,0.2,0.159556978454616,0.27667300432699,362,0.638035761271853,1
"Nyctinomops macrotis",0,0.721479958890031,0.596774193548387,0.37007874015748,0.68503937007874,0.223118279569892,1,1,0.51922164214523,0.144605263157895,0.051716240632443,0.654902891790269,0.155667509703725,0.711227218674765,0.2,0.159556978454616,0.161862843602028,346.125,0.63946402304872,1
"Lasiurus intermedius",0,0.309866392600206,0.577060931899642,0.37007874015748,0.586614173228346,0.505376344086022,1,1,0.793545325106787,0.188421052631579,0.0549868270830281,0.654902891790269,0.156904681562949,0.434678688381347,0.2,0.159556978454616,0.0857027807768821,365.6875,0.64281773838481,1
"Eptesicus brasiliensis",0,0.237410071942446,0.700716845878136,0.37007874015748,0.618110236220472,0.448028673835125,1,1,0.812529663028002,0.199868421052632,0.0354982401053487,0.654902891790269,0.156463375960157,0.493988864667621,0.2,0.159556978454616,0.0820965793053683,369.625,0.648359278882708,1
"Taphozous theobaldi",0,0.534943473792395,0.0618279569892473,0.94488188976378,0.97244094488189,0.0582437275985663,1,1,0.617940199335548,0.171973684210526,0.299745989456871,0.343545324476424,0.148776101048568,0.91564414346645,0.2,0.159556978454616,0.136018140365818,266.1875,0.648784774045178,1
"Antrozous pallidus",0,0.354573484069887,0.96594982078853,0.37007874015748,0.566929133858268,0.568996415770609,1,1,0.365448504983389,0.182631578947368,0.00954213452125017,0.654902891790269,0.157310482288394,0.371238879541322,0.2,0.159556978454616,0.221594909662763,377.25,0.64899701245352,1
"Chalinolobus gouldii",0,0.501027749229188,0.449820788530466,0.726377952755906,0.661417322834646,0.46326164874552,1,1,0.45562411010916,0.173552631578947,0.0855167080983825,0.474374651262539,0.155833696302099,0.482265206394505,0.2,0.159556978454616,0.182660286229781,334.5,0.657191196525611,1
"Artibeus fimbriatus",0,0.784686536485098,0.543010752688172,0.37007874015748,0.519685039370079,0.621863799283154,1,1,0.463217845277646,0.138026315789474,0.0632481722247195,0.654902891790269,0.158477214946658,0.325901748886881,0.2,0.159556978454616,0.177880568974947,389.3125,0.662817839157704,1
"Platyrrhinus helleri",0,0.691675231243577,0.525985663082437,0.478346456692913,0.409448818897638,0.709677419354839,1,0.60313315926893,0.903654485049834,0.148289473684211,0.0683346484333335,0.652710544402513,0.223307648049588,0.27428400675319,0.2,0.181535000432638,0.0558437025876407,436.3125,0.665240154198771,1
"Nycticeius humeralis",0,0.585817060637205,0.615591397849462,0.37007874015748,0.744094488188976,0.60573476702509,1,1,0.408163265306122,0.168552631578947,0.049866722702124,0.654902891790269,0.15489484032876,0.336769071869108,0.2,0.159556978454616,0.204246455886734,372.875,0.666184964895542,1
"Eumops auripendulus",0,0.765159301130524,0.654121863799283,0.37007874015748,0.673228346456693,0.220430107526882,1,1,0.647365923113431,0.140657894736842,0.0438719862655129,0.654902891790269,0.155705315878635,0.713905080856688,0.2,0.159556978454616,0.128036635118764,375.5625,0.666298035273037,1
"Glauconycteris argentata",0,0.165467625899281,0.31989247311828,0.996062992125984,0.992125984251969,0.315412186379928,NA,1,0.877076411960133,0.215131578947368,0.12950689783498,0.236974308485676,0.14821691939698,0.60569984514891,NA,0.159556978454616,0.0632579554958441,355.785714285714,0.666576810533653,1
"Lasiurus blossevillii",0,0.221993833504625,0.738351254480287,0.37007874015748,0.606299212598425,0.617383512544803,1,1,0.795443758898908,0.201447368421053,0.0302969143542332,0.654902891790269,0.15660503306383,0.32824727690666,0.2,0.159556978454616,0.0853730643368161,394,0.668693789023066,1
"Saccolaimus flaviventris",0,0.980472764645427,0.409498207885305,0.37007874015748,0.779527559055118,0.308243727598566,1,1,0.502135738016137,0.107236842105263,0.0971931506952292,0.654902891790269,0.154061521361961,0.610411846016989,0.2,0.159556978454616,0.165570321592963,364.125,0.668744592169754,1
"Myotis austroriparius",0,0.447070914696814,0.64426523297491,0.37007874015748,0.594488188976378,0.765232974910394,1,1,0.533459895586141,0.176578947368421,0.0451954330187138,0.654902891790269,0.156804309286102,0.227498276989383,0.2,0.159556978454616,0.157030048513715,394,0.669324493412765,1
"Natalus tumidirostris",0,0.886947584789311,0.82258064516129,0.494094488188976,0.413385826771654,0.917562724014337,0.36426116838488,0.60313315926893,0.88656858092074,0.124868421052632,0.021290423137783,0.606938045040307,0.221178791836168,0.115490415723293,0.4,0.181535000432638,0.060986297679749,517.25,0.673566772187515,1
"Myotis thysanodes",0,0.321685508735868,0.741039426523297,0.37007874015748,0.531496062992126,0.649641577060932,1,1,0.802088277171334,0.186710526315789,0.0293919251498649,0.654902891790269,0.157937892662717,0.308509815429301,0.2,0.159556978454616,0.0840879490925397,409.5,0.67700369908013,1
"Artibeus obscurus",1,0.816032887975334,0.568100358422939,0.856299212598425,0.952755905511811,0.845878136200717,NA,0.383812010443864,0.319886093972473,0.134605263157895,0.0563091875870683,0.403718736183378,0.150685176123282,0.161806185598585,NA,0.236480055377693,0.236499272964972,463.142857142857,0.677537800732223,1
"Myotis grisescens",0,0.474820143884892,0.663082437275986,0.37007874015748,0.582677165354331,0.692652329749104,1,1,0.664451827242525,0.174736842105263,0.0426803063575607,0.654902891790269,0.156950498827919,0.286479912905891,0.2,0.159556978454616,0.12201481695585,406.75,0.68097033045804,1
"Myotis albescens",0,0.206577595066804,0.71326164874552,0.37007874015748,0.610236220472441,0.596774193548387,1,1,0.973896535358329,0.204736842105263,0.0341851563451403,0.654902891790269,0.156585139927913,0.345483721773992,0.2,0.159556978454616,0.0258125166567429,409.375,0.68385311666862,1
"Eumops perotis",0,0.701438848920863,0.633512544802867,0.37007874015748,0.791338582677165,0.216845878136201,1,1,0.7593735168486,0.1475,0.0461537004630344,0.654902891790269,0.153854592947972,0.718496040172057,0.2,0.159556978454616,0.095327738681366,382.9375,0.684073513942897,1
"Histiotus velatus",0,0.372559095580678,0.708781362007168,0.37007874015748,0.641732283464567,0.655913978494624,1,1,0.762221167536782,0.181578947368421,0.0347251463239173,0.654902891790269,0.15598155899958,0.305510222103846,0.2,0.159556978454616,0.0947637003336706,410.3125,0.688910828405162,1
"Platyrrhinus lineatus",0,0.739979445015416,0.53405017921147,0.37007874015748,0.822834645669291,0.492831541218638,1,1,0.554342667299478,0.143026315789474,0.0664199809756168,0.654902891790269,0.153557822403916,0.447431670005616,0.2,0.159556978454616,0.151661723530037,386.25,0.689264652321472,1
"Miniopterus natalensis",0,0.55087358684481,0.834229390681004,0.726377952755906,0.71259842519685,0.290322580645161,1,1,0.407214048410062,0.170921052631579,0.0205288097004774,0.474374651262539,0.155283531586243,0.629483605216909,0.2,0.159556978454616,0.204951204806043,365.3125,0.690201998066724,1
"Euderma maculatum",0,0.484583761562179,0.720430107526882,0.37007874015748,0.681102362204724,0.726702508960573,1,1,0.558139534883721,0.174473684210526,0.0332965379219722,0.654902891790269,0.15569147710907,0.26066362810657,0.2,0.159556978454616,0.15063104340828,409.8125,0.692629626911945,1
"Lasiurus seminolus",0,0.639260020554985,0.595878136200717,0.37007874015748,0.665354330708661,0.594982078853047,1,1,0.68343616516374,0.159078947368421,0.0517309608654875,0.654902891790269,0.155803267162598,0.346032329866939,0.2,0.159556978454616,0.116935419949064,408.875,0.693623683954829,1
"Chalinolobus morio",0,0.591983556012333,0.486559139784946,0.726377952755906,0.65748031496063,0.635304659498208,1,1,0.462268628381585,0.167894736842105,0.0771422261434773,0.474374651262539,0.155857477133618,0.3136430303325,0.2,0.159556978454616,0.17965032899353,375.4375,0.694996781424201,1
"Eptesicus diminutus",0,0.266187050359712,0.810035842293907,0.37007874015748,0.578740157480315,0.831541218637993,1,1,0.73469387755102,0.193947368421053,0.0223958584380558,0.654902891790269,0.156981657920224,0.171309214862565,0.2,0.159556978454616,0.101521236376679,430.375,0.698909610810053,1
"Myotis yumanensis",0,0.358684480986639,0.78584229390681,0.37007874015748,0.52755905511811,0.827956989247312,1,1,0.737541528239203,0.1825,0.0242938255620012,0.654902891790269,0.158143377907245,0.174623647432457,0.2,0.159556978454616,0.101159113549329,436.5,0.700957885956944,1
"Pipistrellus hesperus",0,0.419321685508736,0.75,0.37007874015748,0.728346456692913,0.815412186379928,1,1,0.53156146179402,0.178552631578947,0.0287635538316487,0.654902891790269,0.15507381593541,0.181721662872302,0.2,0.159556978454616,0.157675179265643,416.375,0.701840066316635,1
"Diphylla ecaudata",0,0.712230215827338,0.647849462365591,0.37007874015748,0.885826771653543,0.171146953405018,1,1,0.827717133364974,0.146184210526316,0.0449482259612037,0.654902891790269,0.152730941203528,0.805220426484813,0.2,0.159556978454616,0.0784774669465016,391.875,0.701856159596743,1
"Falsistrellus mackenziei",0,0.582219938335046,0.491039426523298,0.726377952755906,0.748031496062992,0.541218637992832,1,1,0.561936402467964,0.168815789473684,0.0768185632947791,0.474374651262539,0.154884664844282,0.400431725080368,0.2,0.159556978454616,0.149543281739687,377.75,0.706352981767255,1
"Corynorhinus townsendii",0,0.505652620760534,0.939964157706093,0.37007874015748,0.625984251968504,0.648745519713262,1,1,0.576174655908875,0.173421052631579,0.0119538994604389,0.654902891790269,0.156318687317618,0.308732456244081,0.2,0.159556978454616,0.144183490395372,432.75,0.708324993276844,1
"Pteropus neohibernicus",0,0.369989722507708,0.517921146953405,0.982283464566929,0.909448818897638,0.416666666666667,1,1,0.501186521120076,0.181710526315789,0.0704361579015288,0.241817834614271,0.151949168641361,0.528382276326388,0.2,0.159556978454616,0.165893555364354,343.5625,0.712187042589053,1
"Vespadelus regulus",0,0.623329907502569,0.488351254480287,0.726377952755906,0.622047244094488,0.697132616487455,1,1,0.564784053156146,0.164210526315789,0.0769846844231342,0.474374651262539,0.156408275019444,0.283376186099344,0.2,0.159556978454616,0.14874718136221,400.5,0.715252878559606,1
"Myotis levis",0,0.282631038026721,0.864695340501792,0.37007874015748,0.649606299212598,0.877240143369176,1,1,0.682486948267679,0.191052631578947,0.0177435408385473,0.654902891790269,0.155899696592264,0.137757396403601,0.2,0.159556978454616,0.117495408070716,441.75,0.715842313691931,1
"Dobsonia anderseni",0,0.345323741007194,0.64336917562724,0.982283464566929,0.543307086614173,0.622759856630824,1,1,0.594209776934029,0.183421052631579,0.045202460844886,0.241817834614271,0.157596047231311,0.325634620369782,0.2,0.159556978454616,0.140881558720214,387.4375,0.716406637672549,1
"Lasiurus borealis",0,0.624871531346352,0.652329749103943,0.37007874015748,0.677165354330709,0.510752688172043,1,1,0.902705268153773,0.163157894736842,0.0441889302523707,0.654902891790269,0.155700584328422,0.4283463618688,0.2,0.159556978454616,0.0567609520533826,432.5,0.717237916408037,1
"Lasiurus xanthinus",0,0.396711202466598,0.731182795698925,0.37007874015748,0.759842519685039,0.812724014336918,1,1,0.681537731371618,0.179868421052632,0.0315956361248152,0.654902891790269,0.154477642103498,0.183718412244466,0.2,0.159556978454616,0.117779023898112,431.375,0.719009625464572,1
"Histiotus montanus",0,0.328365878725591,0.808243727598566,0.37007874015748,0.598425196850394,0.801075268817204,1,1,0.881822496440437,0.186315789473684,0.0224216966529964,0.654902891790269,0.156724814787119,0.193692421111976,0.2,0.159556978454616,0.0618642061460182,453.4375,0.723501413573709,1
"Diaemus youngi",0,0.805755395683453,0.689964157706093,0.37007874015748,0.874015748031496,0.200716845878136,1,1,0.865685809207404,0.135526315789474,0.0377698129300537,0.654902891790269,0.153070965738791,0.754617510390246,0.2,0.159556978454616,0.0673826463200607,417.875,0.725777087083008,1
"Myotis davidii",0,0.348406988694759,0.901433691756272,0.726377952755906,0.653543307086614,0.39336917562724,1,1,0.792596108210726,0.183157894736842,0.0148223295795446,0.474374651262539,0.155898727200907,0.556948793756565,0.2,0.159556978454616,0.0857537743334,413.3125,0.72696590301644,1
"Myotis macropus",0,0.34224049331963,0.770609318996416,0.726377952755906,0.696850393700787,0.742831541218638,1,1,0.545799715234931,0.183815789473684,0.0267735082384809,0.474374651262539,0.15541531520755,0.246506989901567,0.2,0.159556978454616,0.153885184755469,411.9375,0.728088676903288,1
"Myotis californicus",0,0.491778006166495,0.778673835125448,0.37007874015748,0.55511811023622,0.78494623655914,1,1,0.84765068818225,0.174210526315789,0.0249709623452597,0.654902891790269,0.157461415470687,0.210058966744768,0.2,0.159556978454616,0.0712025540534861,461.0625,0.728530702053379,1
"Lasiurus egregius",0,0.260020554984584,0.826164874551971,0.37007874015748,0.590551181102362,0.806451612903226,1,1,0.981490270526815,0.195,0.0208279794882975,0.654902891790269,0.156832978683826,0.189867754693168,0.2,0.159556978454616,0.0178398404045617,461.25,0.729344654278305,1
"Nycteris nana",0,0.650565262076053,0.297491039426523,0.950787401574803,0.988188976377953,0.46505376344086,NA,1,0.78500237304224,0.155263157894737,0.140829446120962,0.317299235934557,0.148278341864101,0.480256286733932,NA,0.159556978454616,0.0873976825405137,427.857142857143,0.733869830848348,1
"Leptonycteris nivalis",0,0.83967112024666,0.561827956989247,0.37007874015748,0.767716535433071,0.508960573476703,1,1,0.839107736117703,0.130789473684211,0.058221935538238,0.654902891790269,0.15434827951173,0.43045576388297,0.2,0.159556978454616,0.074628575711336,440.25,0.735920332802608,1
"Sturnira ludovici",0,0.811408016443988,0.370967741935484,0.911417322834646,0.996062992125984,0.224910394265233,NA,1,0.838158519221642,0.135131578947368,0.105297454868334,0.385306862974775,0.148207125463861,0.708334439464347,NA,0.159556978454616,0.074938183351584,430.5,0.736132140975282,1
"Miniopterus australis",0,0.659815005138746,0.807347670250896,0.726377952755906,0.81496062992126,0.441756272401434,1,1,0.449928808732795,0.152368421052632,0.0224355444587437,0.474374651262539,0.153596087356902,0.503117966603739,0.2,0.159556978454616,0.184609735441264,404.8125,0.73752329240013,1
"Artibeus toltecus",0,0.763617677286742,0.435483870967742,0.602362204724409,0.838582677165354,0.486559139784946,1,1,0.782154722354058,0.140789473684211,0.0889456902876426,0.532659131402882,0.153480321229523,0.454473756624405,0.2,0.159556978454616,0.0877368690633158,412.375,0.738595036535406,1
"Vespadelus baverstocki",0,0.549845837615622,0.583333333333333,0.726377952755906,0.751968503937008,0.738351254480287,1,1,0.58186995728524,0.171052631578947,0.0540406232379282,0.474374651262539,0.154872944484627,0.250568200963129,0.2,0.159556978454616,0.142932705308722,416.9375,0.741468354925924,1
"Myotis leibii",0,0.603802672147996,0.67741935483871,0.37007874015748,0.763779527559055,0.768817204301075,1,1,0.849549121974371,0.166710526315789,0.0404333457662113,0.654902891790269,0.154466745924062,0.225817782015613,0.2,0.159556978454616,0.0710450148887195,465.1875,0.754180827622336,1
"Chrotopterus auritus",0,0.829907502569373,0.888888888888889,0.37007874015748,0.78740157480315,0.252688172043011,1,1,0.926435690555292,0.132105263157895,0.0155916352969285,0.654902891790269,0.15390016104165,0.666233151448273,0.2,0.159556978454616,0.0478397460877574,461.0625,0.756925071127149,1
"Diclidurus albus",0,0.904419321685509,0.663978494623656,0.37007874015748,0.732283464566929,0.524193548387097,1,1,0.88561936402468,0.122368421052632,0.0420028648878533,0.654902891790269,0.155052080780986,0.417610807167804,0.2,0.159556978454616,0.0613404416434132,469.5,0.760071616680669,1
"Sturnira tildae",0,0.746145940390545,0.545698924731183,0.602362204724409,0.964566929133858,0.419354838709677,1,1,0.828666350261035,0.142105263157895,0.0630617354371001,0.532659131402882,0.150188290025985,0.523878003376114,0.2,0.159556978454616,0.0776131325090041,426.375,0.763349398493838,1
"Vampyrodes caraccioli",0,0.654676258992806,0.53494623655914,0.96259842519685,1,0.498207885304659,NA,1,0.736592311343142,0.154473684210526,0.066368299758331,0.300488109478912,0.148122255363882,0.441107522947026,NA,0.159556978454616,0.101183607166017,465.142857142857,0.769574445342371,1
"Myotis chiloensis",0,0.534943473792395,0.944444444444444,0.37007874015748,0.570866141732283,0.991935483870968,1,1,0.779307071665876,0.171973684210526,0.0114756512811882,0.654902891790269,0.157298848644,0.0500692763047407,0.2,0.159556978454616,0.0896736445974994,509.8125,0.773946919457931,1
"Myotis evotis",0,0.479445015416238,0.956989247311828,0.37007874015748,0.736220472440945,0.865591397849462,1,1,0.811580446131941,0.174605263157895,0.00999396748975334,0.654902891790269,0.154960973325321,0.147958889888541,0.2,0.159556978454616,0.0822964291834353,496.6875,0.777488164913487,1
"Rhynchonycteris naso",0,0.856115107913669,0.71505376344086,0.911417322834646,0.511811023622047,0.695340501792115,NA,1,0.757475083056478,0.128684210526316,0.0340234849056197,0.385306862974775,0.158784283680523,0.284709281681736,NA,0.159556978454616,0.0958865436339392,536.857142857143,0.778173257522831,1
"Lonchorhina aurita",0,0.73021582733813,0.865591397849462,0.726377952755906,0.940944881889764,0.305555555555556,1,1,0.710014238253441,0.144078947368421,0.0177243210061923,0.474374651262539,0.150869374187838,0.611574224042802,0.2,0.159556978454616,0.110282470773945,440.75,0.784837481705282,1
"Pteropus admiralitatum",0,0.379753340184995,0.668458781362007,0.982283464566929,0.846456692913386,0.674731182795699,1,1,0.752728998576175,0.181184210526316,0.0415873095094546,0.241817834614271,0.1533238191565,0.297914672130471,0.2,0.159556978454616,0.0973649886952032,432.875,0.788051557549899,1
"Natalus stramineus",0,0.989722507708119,0.594086021505376,0.602362204724409,0.948818897637795,0.413978494623656,1,1,0.768865685809207,0.104605263157895,0.0519773018434244,0.532659131402882,0.15081702170976,0.531627956078542,0.2,0.159556978454616,0.0935452089009058,453.625,0.78972922650107,1
"Eumops patagonicus",0,0.805755395683453,0.844982078853047,0.37007874015748,0.803149606299213,0.957885304659498,1,1,0.602752728998576,0.135526315789474,0.0192807712286518,0.654902891790269,0.153685510163383,0.0867706941019974,0.2,0.159556978454616,0.139705298987371,508.25,0.798075481831408,1
"Leptonycteris curasoae",0,0.743576567317574,0.741935483870968,0.37007874015748,0.905511811023622,0.724014336917563,1,1,0.899857617465591,0.1425,0.0293318826814031,0.654902891790269,0.152012328204958,0.262117354715154,0.2,0.159556978454616,0.0580187664163665,496.0625,0.7981218195941,1
"Micronycteris megalotis",0,0.680883864337102,0.979390681003584,0.37007874015748,0.669291338582677,0.767025089605735,1,1,0.972947318462269,0.149078947368421,0.00632576204642583,0.654902891790269,0.15575056077331,0.227430170349827,0.2,0.159556978454616,0.0269475878764654,529.6875,0.804952129018606,1
"Vespadelus pumilus",0,0.578108941418294,0.776881720430108,0.602362204724409,0.933070866141732,0.74820788530466,1,1,0.806834361651637,0.168947368421053,0.0250904441175565,0.532659131402882,0.151106873407739,0.240645391501236,0.2,0.159556978454616,0.0828376012219968,480.1875,0.805683247458855,1
"Sturnira erythromos",0,0.742034943473792,0.530465949820789,0.726377952755906,0.854330708661417,0.744623655913978,1,1,0.861888941623161,0.142631578947368,0.0672102803734921,0.474374651262539,0.153239381010573,0.24595508917775,0.2,0.159556978454616,0.06769369481444,473.9375,0.80746526903113,1
"Molossops neglectus",0,0.756423432682426,0.887992831541219,0.37007874015748,0.704724409448819,0.884408602150538,1,1,0.864736592311343,0.141447368421053,0.0155936843128137,0.654902891790269,0.155374216556714,0.134833993300398,0.2,0.159556978454616,0.067407463895691,529.375,0.808545576036478,1
"Anoura caudifer",0,0.705549845837616,0.804659498207885,0.726377952755906,0.850393700787402,0.639784946236559,1,1,0.803986710963455,0.146973684210526,0.0226996673957984,0.474374651262539,0.153258452392137,0.311457631024042,0.2,0.159556978454616,0.0837102205272883,485.375,0.816344081848603,1
"Macrotus californicus",0,0.89311408016444,0.948924731182796,0.37007874015748,0.799212598425197,0.755376344086022,1,1,0.781205505457997,0.124210526315789,0.0109892818559217,0.654902891790269,0.153777706249779,0.235000673513309,0.2,0.159556978454616,0.088773581994582,528.5,0.818488999934241,1
"Glossophaga longirostris",0,0.762589928057554,0.871863799283154,0.37007874015748,0.834645669291339,0.848566308243728,1,1,0.879924062648315,0.140921052631579,0.017060732887911,0.654902891790269,0.153533250453557,0.161042825421815,0.2,0.159556978454616,0.0624633648948035,529,0.820958563460196,1
"Glossophaga morenoi",0,0.795991778006166,0.757168458781362,0.37007874015748,0.913385826771654,0.829749103942652,1,1,0.934029425723778,0.136184210526316,0.0277782409120971,0.654902891790269,0.15181519196692,0.173316785901636,0.2,0.159556978454616,0.0442930208777309,524.0625,0.825050416672887,1
"Mimon crenulatum",0,0.734840698869476,0.961469534050179,0.602362204724409,0.937007874015748,0.469534050179211,1,1,0.951115329852871,0.143421052631579,0.00964459921155442,0.532659131402882,0.150905821650847,0.47585717826503,0.2,0.159556978454616,0.0386605848783541,505.25,0.832041211461487,1
"Lophostoma silvicolum",0,0.669064748201439,0.946236559139785,0.96259842519685,0.984251968503937,0.346774193548387,NA,1,0.918841955386806,0.150789473684211,0.0112155540887074,0.300488109478912,0.148527290575905,0.579402208839649,NA,0.159556978454616,0.0515505519274983,535.428571428571,0.832538264282458,1
"Pteropus capistratus",0,0.430626927029805,0.758960573476703,0.982283464566929,0.881889763779528,0.885304659498208,1,1,0.730897009966777,0.177763157894737,0.0275864005902334,0.241817834614271,0.152738781358582,0.134680225117509,0.2,0.159556978454616,0.102952303195321,479.3125,0.833745299789744,1
"Carollia subrufa",0,0.823741007194245,0.560035842293907,0.911417322834646,0.960629921259842,0.787634408602151,NA,1,0.831514000949217,0.133157894736842,0.0583162026646357,0.385306862974775,0.150203540063103,0.2079377065131,NA,0.159556978454616,0.0757843158503579,549.785714285714,0.839281786162001,1
"Lichonycteris obscura",0,0.834532374100719,0.616487455197133,0.726377952755906,0.858267716535433,0.782258064516129,1,1,0.933080208827717,0.131315789473684,0.0491509627622323,0.474374651262539,0.153187772902733,0.21080888900437,0.2,0.159556978454616,0.0445355350743659,511.9375,0.84387547149163,1
"Mesophylla macconnelli",0,0.699383350462487,0.681899641577061,0.726377952755906,0.877952755905512,0.887992831541219,1,1,0.897959183673469,0.147631578947368,0.0394274431577444,0.474374651262539,0.152751162894532,0.133728260105631,0.2,0.159556978454616,0.0584029301703982,515.375,0.846445714489457,1
"Mystacina tuberculata",0,0.969167523124358,0.955197132616487,0.726377952755906,0.901574803149606,0.669354838709677,1,1,0.572377788324632,0.109736842105263,0.0102646685300418,0.474374651262539,0.152054057826528,0.299154537488122,0.2,0.159556978454616,0.145302874445784,513.6875,0.849256254835083,1
"Glossophaga commissarisi",0,0.73021582733813,0.806451612903226,0.911417322834646,0.976377952755906,0.683691756272401,NA,1,0.921689606074988,0.144078947368421,0.0225521030913419,0.385306862974775,0.148726419585127,0.291633789966381,NA,0.159556978454616,0.0508792733477937,573.642857142857,0.861406296882757,1
"Lonchophylla robusta",0,0.760534429599178,0.939068100358423,0.96259842519685,0.980314960629921,0.807347670250896,NA,1,0.826767916468913,0.141184210526316,0.0121179050469567,0.300488109478912,0.148543471423624,0.189546230844991,NA,0.159556978454616,0.0785136992551362,606.428571428571,0.896661643214883,1
