"Sp","Betacov","R.Alb","R.Dal1","R.Far1","R.Po2","R.Po3","Rank","PropRank","InSample"
"Camelus dromedarius",1,NA,0.250704225352113,0.0253521126760563,0.115384615384615,0.0175276752767528,59.25,0.102242157172384,1
"Equus caballus",1,NA,0.380281690140845,0.00563380281690141,0.0293040293040293,0.00553505535055351,71.25,0.105188644403082,1
"Canis lupus",1,0.220924690181125,0.263380281690141,0.00704225352112676,0.0293040293040293,0.00738007380073801,226.2,0.105606265699432,1
"Mus musculus",1,0.15467111534795,0.395774647887324,0.00845070422535211,0.0293040293040293,0.00922509225092251,189.8,0.119485117803116,1
"Myodes glareolus",1,0.338298379408961,0.3,0.028169014084507,0.115384615384615,0.0175276752767528,338.7,0.159875936830967,1
"Bos taurus",1,NA,0.529577464788732,0.00140845070422535,0.115384615384615,0.0018450184501845,102.375,0.162053887331939,1
"Sus scrofa",1,0.149070543374643,0.633802816901408,0.0028169014084507,0.0293040293040293,0.003690036900369,217.5,0.16373686557778,1
"Vulpes vulpes",0,0.153360343183985,0.076056338028169,0.13943661971831,0.115384615384615,0.346863468634686,203.2,0.166220276989953,1
"Ovis aries",0,NA,0.488732394366197,0.00422535211267606,0.115384615384615,0.0581180811808118,103.25,0.166615110761075,1
"Rattus norvegicus",1,0.196258341277407,0.294366197183099,0.0169014084507042,0.313186813186813,0.014760147601476,227.6,0.1670945815399,1
"Capra hircus",0,NA,0.383098591549296,0.00985915492957747,0.115384615384615,0.20479704797048,105.375,0.178284852458492,1
"Bubalus bubalis",1,NA,0.391549295774648,0.0140845070422535,0.313186813186813,0.0119926199261993,95,0.182703308982478,1
"Apodemus agrarius",1,0.205552907530982,0.104929577464789,0.232394366197183,0.313186813186813,0.0802583025830258,246.2,0.187264393392559,1
"Procyon lotor",0,0.461987607244995,0.0985915492957746,0.0366197183098592,0.115384615384615,0.227859778597786,437.9,0.188088653766606,1
"Rattus rattus",0,0.101763584366063,0.322535211267606,0.0323943661971831,0.313186813186813,0.227859778597786,177.6,0.19954795072309,1
"Equus asinus",0,NA,0.295774647887324,0.0197183098591549,0.313186813186813,0.211254612546125,106,0.209983595869854,1
"Rangifer tarandus",0,0.454480457578646,0.249295774647887,0.0352112676056338,0.115384615384615,0.227859778597786,452.8,0.216446378762914,1
"Crocuta crocuta",0,0.281935176358437,0.123943661971831,0.108450704225352,0.313186813186813,0.283210332103321,317.4,0.222145337569151,1
"Canis mesomelas",0,0.273236415633937,0.0915492957746479,0.135211267605634,0.313186813186813,0.346863468634686,316.2,0.232009452167144,1
"Didelphis marsupialis",0,NA,0.113380281690141,0.176056338028169,0.313186813186813,0.346863468634686,119.75,0.237371725384952,1
"Tatera indica",0,0.316253574833174,0.309859154929577,0.0661971830985915,0.313186813186813,0.252767527675277,363.3,0.251652850744687,1
"Felis catus",0,NA,0.515492957746479,0.0112676056338028,0.313186813186813,0.207564575645756,143,0.261877988053213,1
"Microtus agrestis",0,0.29730695900858,0.412676056338028,0.0507042253521127,0.313186813186813,0.239852398523985,358.4,0.262745290481904,1
"Arvicanthis niloticus",0,0.267874165872259,0.290140845070423,0.147887323943662,0.313186813186813,0.346863468634686,341.7,0.273190523341569,1
"Cavia porcellus",1,NA,0.712676056338028,0.076056338028169,NA,0.0322878228782288,192.5,0.273673405748142,1
"Canis latrans",0,0.488560533841754,0.101408450704225,0.12112676056338,0.313186813186813,0.346863468634686,496.3,0.274229205386172,1
"Macaca fascicularis",0,0.31780266920877,0.511267605633803,0.0267605633802817,0.313186813186813,0.214944649446494,383.5,0.276792460171232,1
"Lama glama",1,NA,0.508450704225352,0.249295774647887,NA,0.0802583025830258,193.833333333333,0.279334927152088,1
"Mephitis mephitis",0,0.550047664442326,0.0450704225352113,0.143661971830986,0.313186813186813,0.346863468634686,543.1,0.279766068126005,1
"Syncerus caffer",0,0.285152526215443,0.598591549295775,0.0394366197183099,NA,0.227859778597786,443.25,0.287760118456828,1
"Urocyon cinereoargenteus",0,0.382983794089609,0.247887323943662,0.157746478873239,0.313186813186813,0.346863468634686,433.7,0.289733575745602,1
"Vulpes velox",0,0.542183031458532,0.315492957746479,0.0591549295774648,0.313186813186813,0.252767527675277,552.7,0.296557051928913,1
"Cervus elaphus",0,0.257030505243089,0.661971830985915,0.0464788732394366,NA,0.227859778597786,426.25,0.298335247016557,1
"Microtus arvalis",0,0.273236415633937,0.401408450704225,0.17887323943662,0.313186813186813,0.346863468634686,366.4,0.302713677519256,1
"Sciurus niger",0,0.878693994280267,0.0232394366197183,0.153521126760563,0.115384615384615,0.346863468634686,806.4,0.30354052833597,1
"Capreolus capreolus",0,0.252979027645377,0.650704225352113,0.0647887323943662,NA,0.252767527675277,426.625,0.305309878266783,1
"Sciurus carolinensis",0,0.88465204957102,0.291549295774648,0.023943661971831,0.115384615384615,0.214944649446494,816.8,0.306094854429722,1
"Sigmodon hispidus",0,0.629408960915157,0.245070422535211,0.0929577464788732,0.313186813186813,0.283210332103321,624,0.312766855043875,1
"Microtus oeconomus",0,0.322807435653003,0.297887323943662,0.236619718309859,0.313186813186813,0.437269372693727,411.3,0.321554132757413,1
"Mus cervicolor",1,0.264656816015253,0.711267605633803,0.230985915492958,NA,0.0802583025830258,455.75,0.32179215993126,1
"Suncus murinus",0,0.224737845567207,0.0936619718309859,0.402816901408451,0.313186813186813,0.586715867158672,339.8,0.324223879830426,1
"Myodes rutilus",0,0.346639656816015,0.297887323943662,0.228169014084507,0.313186813186813,0.437269372693727,430.1,0.324630436144945,1
"Dama dama",0,0.264656816015253,0.715492957746479,0.0732394366197183,NA,0.252767527675277,451.875,0.326539184514182,1
"Lophuromys sikapusi",0,0.271091515729266,0.11830985915493,0.347887323943662,0.313186813186813,0.586715867158672,374.4,0.327438275834668,1
"Didelphis virginiana",0,NA,0.304225352112676,0.263380281690141,0.313186813186813,0.437269372693727,181.375,0.329515454920839,1
"Giraffa camelopardalis",0,0.300405147759771,0.652112676056338,0.0915492957746479,NA,0.283210332103321,485.5,0.33181936292352,1
"Tamias striatus",0,0.824714013346044,0.0429577464788732,0.23943661971831,0.115384615384615,0.437269372693727,785.9,0.331952473524314,1
"Erinaceus europaeus",1,0.292897998093422,0.543661971830986,0.374647887323944,NA,0.1190036900369,486.375,0.332552886821313,1
"Panthera leo",0,0.301477597712107,0.714084507042254,0.071830985915493,NA,0.252767527675277,490,0.335040154586283,1
"Proechimys semispinosus",0,0.776334604385129,0.113380281690141,0.145070422535211,0.313186813186813,0.346863468634686,742.9,0.338967118086396,1
"Marmota monax",0,0.92278360343184,0.102816901408451,0.102816901408451,0.313186813186813,0.283210332103321,851.4,0.344962910307775,1
"Sylvilagus audubonii",0,0.802430886558627,0.113380281690141,0.152112676056338,0.313186813186813,0.346863468634686,765.8,0.345594825225321,1
"Redunca arundinum",0,0.305648236415634,0.692957746478873,0.116901408450704,NA,0.283210332103321,502.75,0.349679430862133,1
"Lepus californicus",0,0.852359389895138,0.113380281690141,0.150704225352113,0.313186813186813,0.346863468634686,807.5,0.355298835751778,1
"Proechimys guyannensis",0,0.812559580552908,0.284507042253521,0.105633802816901,0.313186813186813,0.283210332103321,785.1,0.359819514182693,1
"Lemniscomys striatus",0,0.265848427073403,0.257746478873239,0.38169014084507,0.313186813186813,0.586715867158672,394.6,0.36103754542744,1
"Nyctereutes procyonoides",1,0.162535748331745,0.288732394366197,0.274647887323944,1,0.0802583025830258,279.7,0.361234866520982,1
"Odocoileus hemionus",0,0.573403241182078,0.587323943661972,0.0535211267605634,NA,0.239852398523985,747.75,0.36352517753215,1
"Paguma larvata",1,0.176358436606292,0.719718309859155,0.445070422535211,NA,0.1190036900369,407.875,0.36503771475939,1
"Rattus tanezumi",1,0.187559580552908,0.566197183098592,0.532394366197183,NA,0.174354243542435,415.375,0.365126343347779,1
"Hippotragus niger",0,0.318517635843661,0.654929577464789,0.192957746478873,NA,0.346863468634686,531.625,0.378317107105502,1
"Peromyscus gossypinus",0,0.790514775977121,0.108450704225352,0.261971830985915,0.313186813186813,0.437269372693727,780.5,0.382278699413786,1
"Cephalophus dorsalis",0,0.32650142993327,0.503521126760563,0.273239436619718,NA,0.437269372693727,539.625,0.38513284150182,1
"Microtus gregalis",0,0.32650142993327,0.257746478873239,0.449295774647887,0.313186813186813,0.586715867158672,455.1,0.386689272759976,1
"Bradypus tridactylus",0,0.83567683508103,0.108450704225352,0.243661971830986,0.313186813186813,0.437269372693727,815.8,0.387649139403582,1
"Papio ursinus",0,0.526334604385129,0.752112676056338,0.0450704225352113,NA,0.227859778597786,724.5,0.387844370393616,1
"Lepus americanus",0,0.849022878932317,0.108450704225352,0.247887323943662,0.313186813186813,0.437269372693727,827.6,0.391163418596374,1
"Cephalophus leucogaster",0,0.372020972354623,0.503521126760563,0.266197183098592,NA,0.437269372693727,586.125,0.394752163726876,1
"Chlorocebus aethiops",1,0.536820781696854,0.394366197183099,0.0492957746478873,1,0.0285977859778598,571.2,0.40181610790114,1
"Rattus losea",1,0.22998093422307,0.566197183098592,0.638028169014085,NA,0.174354243542435,478.625,0.402140132469545,1
"Atelerix albiventris",0,0.286939942802669,0.635211267605634,0.257746478873239,NA,0.437269372693727,518.75,0.404291765493817,1
"Rattus argentiventer",1,0.239513822688275,0.566197183098592,0.645070422535211,NA,0.174354243542435,489.875,0.406283917966128,1
"Tragelaphus strepsiceros",0,0.328408007626311,0.390140845070423,0.0633802816901408,1,0.252767527675277,422,0.40693933241243,1
"Saimiri sciureus",0,0.686725452812202,0.646478873239437,0.0690140845070423,NA,0.252767527675277,881.625,0.413746484558489,1
"Puma concolor",0,0.460319351763584,0.819718309859155,0.0985915492957746,NA,0.283210332103321,684.25,0.415459885755459,1
"Melogale moschata",1,0.224022878932316,0.273943661971831,0.467605633802817,1,0.1190036900369,360.8,0.416915172948773,1
"Oryx gazella",0,0.501429933269781,0.656338028169014,0.163380281690141,NA,0.346863468634686,718.5,0.417002927940905,1
"Macropus giganteus",0,NA,0.285915492957746,0.107042253521127,1,0.283210332103321,176.375,0.419042019645549,1
"Mastomys natalensis",0,0.265490943755958,0.292957746478873,0.198591549295775,1,0.346863468634686,384.8,0.420780741633058,1
"Odocoileus virginianus",0,0.369041944709247,0.5,0.0309859154929577,1,0.217712177121771,463.3,0.423548007464795,1
"Papio cynocephalus",0,0.54706863679695,0.859154929577465,0.0549295774647887,NA,0.239852398523985,768.625,0.425251385590797,1
"Apodemus sylvaticus",0,0.243326978074357,0.663380281690141,0.0183098591549296,1,0.211254612546125,378.5,0.42725434629311,1
"Papio hamadryas",0,0.504051477597712,0.704225352112676,0.16056338028169,NA,0.346863468634686,729.25,0.428925919656691,1
"Aepyceros melampus",0,0.338298379408961,0.541549295774648,0.0436619718309859,1,0.227859778597786,446.3,0.430273885122476,1
"Ceratotherium simum",0,0.302430886558627,0.697183098591549,0.290140845070423,NA,0.437269372693727,551.75,0.431756050728581,1
"Bos grunniens",0,NA,0.787323943661972,0.166197183098592,NA,0.346863468634686,288.333333333333,0.433461531798417,1
"Sylvicapra grimmia",0,0.295757864632984,0.71830985915493,0.288732394366197,NA,0.437269372693727,548.25,0.435017372711959,1
"Connochaetes taurinus",0,0.367731172545281,0.541549295774648,0.0380281690140845,1,0.227859778597786,470.2,0.43503368318636,1
"Pan troglodytes",1,0.50917540514776,0.642253521126761,0.0126760563380282,1,0.0119926199261993,576.2,0.43521952050775,1
"Oryx leucoryx",0,0.689704480457579,0.653521126760563,0.115492957746479,NA,0.283210332103321,898.375,0.435482224266985,1
"Kobus ellipsiprymnus",0,0.273713060057197,0.63943661971831,0.0422535211267606,1,0.227859778597786,405.8,0.436652595900011,1
"Lycaon pictus",0,0.275619637750238,0.253521126760563,0.22112676056338,1,0.437269372693727,400.7,0.437507379553582,1
"Gorilla gorilla",0,0.571377502383222,0.86056338028169,0.0676056338028169,NA,0.252767527675277,798.375,0.438078511035751,1
"Acinonyx jubatus",0,0.280505243088656,0.411267605633803,0.159154929577465,1,0.346863468634686,408.6,0.439558249386922,1
"Sciurus vulgaris",0,0.362368922783603,0.869014084507042,0.18169014084507,NA,0.346863468634686,613.625,0.439984154192601,1
"Alces alces",0,0.293732125834128,0.538028169014084,0.0971830985915493,1,0.283210332103321,422,0.442430745108617,1
"Apodemus flavicollis",0,0.24034795042898,0.595774647887324,0.0957746478873239,1,0.283210332103321,385.2,0.44302151566139,1
"Felis silvestris",0,0.187559580552908,0.509859154929577,0.183098591549296,1,0.346863468634686,348,0.445476159133293,1
"Oryctolagus cuniculus",1,0.502502383222116,0.590140845070423,0.1,1,0.0415129151291513,578.8,0.446831228684338,1
"Hippotragus equinus",0,0.281935176358437,0.784507042253521,0.284507042253521,NA,0.437269372693727,544.75,0.447054658389801,1
"Antidorcas marsupialis",0,0.459366062917064,0.790140845070422,0.194366197183099,NA,0.346863468634686,703.625,0.447684143451318,1
"Alcelaphus buselaphus",0,0.30862726406101,0.535211267605634,0.112676056338028,1,0.283210332103321,436.3,0.447944984021599,1
"Macaca mulatta",0,0.2697807435653,0.749295774647887,0.0154929577464789,1,0.207564575645756,412.1,0.448426810321085,1
"Macropus agilis",0,NA,0.119718309859155,0.240845070422535,1,0.437269372693727,191.5,0.449458188243854,1
"Ovis canadensis",0,0.618446139180172,0.645070422535211,0.188732394366197,NA,0.346863468634686,843.75,0.449778106179067,1
"Mus bufo",1,0.367731172545281,0.566197183098592,0.691549295774648,NA,0.174354243542435,632.625,0.449957973740239,1
"Erinaceus amurensis",1,0.279313632030505,0.566197183098592,0.780281690140845,NA,0.174354243542435,555.625,0.450036687203094,1
"Philantomba monticola",0,0.285152526215443,0.492253521126761,0.443661971830986,NA,0.586715867158672,544.75,0.451945971582965,1
"Microtus pennsylvanicus",0,0.55838894184938,0.72112676056338,0.190140845070423,NA,0.346863468634686,794.5,0.454130004029467,1
"Macaca sinica",0,0.718064823641563,0.257746478873239,0.397183098591549,0.313186813186813,0.586715867158672,776.3,0.454579416290367,1
"Vicugna vicugna",1,0.674928503336511,0.507042253521127,0.0619718309859155,1,0.0322878228782288,705.3,0.455246082144356,1
"Erythrocebus patas",0,0.419804575786463,0.37887323943662,0.142253521126761,1,0.346863468634686,518.5,0.457558960996906,1
"Taurotragus oryx",0,NA,0.53943661971831,0.0704225352112676,1,0.252767527675277,210.75,0.465656670651214,1
"Niviventer confucianus",1,0.245471877979028,0.566197183098592,0.87887323943662,NA,0.174354243542435,537.625,0.466224136014169,1
"Cricetomys gambianus",0,0.346639656816015,0.487323943661972,0.154929577464789,1,0.346863468634686,474.3,0.467151329315492,1
"Elephas maximus",0,0.524189704480458,0.308450704225352,0.173239436619718,1,0.346863468634686,600.5,0.470548662792043,1
"Damaliscus lunatus",0,0.312082936129647,0.528169014084507,0.167605633802817,1,0.346863468634686,452.9,0.470944210530332,1
"Antilocapra americana",0,0.583412774070543,0.385915492957746,0.111267605633803,1,0.283210332103321,645.5,0.472761240953083,1
"Pongo pygmaeus",0,0.506196377502383,0.591549295774648,0.0408450704225352,1,0.227859778597786,593.9,0.47329010445947,1
"Eudorcas thomsonii",0,0.473307912297426,0.505633802816901,0.114084507042254,1,0.283210332103321,570.5,0.47524731085198,1
"Cercopithecus ascanius",0,0.468779790276454,0.388732394366197,0.184507042253521,1,0.346863468634686,567,0.477776539106172,1
"Potos flavus",0,0.461034318398475,0.513380281690141,0.352112676056338,NA,0.586715867158672,716.75,0.478310785825906,1
"Axis axis",0,0.312678741658723,0.66830985915493,0.354929577464789,NA,0.586715867158672,589.125,0.480658511359278,1
"Bison bison",0,0.626787416587226,0.4,0.104225352112676,1,0.283210332103321,682.9,0.482844620160645,1
"Manis javanica",1,0.253932316491897,0.566197183098592,0.938028169014084,NA,0.174354243542435,557,0.483127978036752,1
"Mandrillus sphinx",0,0.573403241182078,0.695774647887324,0.226760563380282,NA,0.437269372693727,824.5,0.483301956285853,1
"Bos frontalis",0,NA,0.743661971830986,0.269014084507042,NA,0.437269372693727,318.666666666667,0.483315143010585,1
"Canis adustus",0,0.257030505243089,0.243661971830986,0.332394366197183,1,0.586715867158672,415.7,0.483960542085986,1
"Cercopithecus mona",0,0.521091515729266,0.516901408450704,0.109859154929577,1,0.283210332103321,611.6,0.486212482242574,1
"Gazella gazella",0,0.562202097235462,0.723943661971831,0.235211267605634,NA,0.437269372693727,819.25,0.489656599876664,1
"Hydromys chrysogaster",0,0.334008579599619,0.640845070422535,0.407042253521127,NA,0.586715867158672,615.875,0.492152942675488,1
"Ursus americanus",0,0.550047664442326,0.709859154929578,0.280281690140845,NA,0.437269372693727,812,0.494364470551619,1
"Loxodonta africana",0,0.603551000953289,0.666197183098592,0.28169014084507,NA,0.437269372693727,860.625,0.497176924397669,1
"Panthera pardus",0,0.0762631077216397,0.376760563380282,0.446478873239437,1,0.586715867158672,299.1,0.497243682300006,1
"Peromyscus maniculatus",0,0.677669208770257,0.287323943661972,0.174647887323944,1,0.346863468634686,726.5,0.497300901678172,1
"Lontra canadensis",0,0.570305052430887,0.402816901408451,0.177464788732394,1,0.346863468634686,653.2,0.499490042241284,1
"Aotus trivirgatus",0,0.680529075309819,0.530985915492958,0.0563380281690141,1,0.252767527675277,736.5,0.504124109329414,1
"Ichneumia albicauda",0,0.261439466158246,0.316901408450704,0.370422535211268,1,0.586715867158672,435.2,0.507095855395778,1
"Ursus maritimus",0,0.562202097235462,0.77887323943662,0.250704225352113,NA,0.437269372693727,831.75,0.50726223367948,1
"Peromyscus leucopus",0,0.605576739752145,0.240845070422535,0.253521126760563,1,0.437269372693727,680.4,0.507442461925794,1
"Rattus exulans",0,0.218064823641563,0.905633802816901,0.328169014084507,NA,0.586715867158672,527.25,0.509645876925411,1
"Papio anubis",0,0.426239275500477,0.594366197183099,0.191549295774648,1,0.346863468634686,561.5,0.511803647418582,1
"Diceros bicornis",0,0.313512869399428,0.707042253521127,0.440845070422535,NA,0.586715867158672,612.125,0.51202901512544,1
"Macropus robustus",0,NA,0.492253521126761,0.457746478873239,NA,0.586715867158672,330.833333333333,0.512238622386224,1
"Rattus tiomanicus",0,0.249880838894185,0.914788732394366,0.301408450704225,NA,0.586715867158672,557.5,0.513198472287862,1
"Gorilla beringei",0,0.669566253574833,0.867605633802817,0.170422535211268,NA,0.346863468634686,933.625,0.513614472805901,1
"Chlorocebus sabaeus",0,0.539680648236416,0.815492957746479,0.264788732394366,NA,0.437269372693727,817.125,0.514307927767747,1
"Canis simensis",0,0.536105815061964,0.384507042253521,0.214084507042254,1,0.437269372693727,636.9,0.514393347410293,1
"Gerbilliscus kempi",0,0.390610104861773,0.490140845070423,0.254929577464789,1,0.437269372693727,535.6,0.514589980018142,1
"Antilope cervicapra",0,0.380719733079123,0.66830985915493,0.426760563380282,NA,0.586715867158672,673.25,0.515626505693251,1
"Choloepus hoffmanni",0,0.949833174451859,0.12112676056338,0.161971830985915,1,0.346863468634686,929.5,0.515959046927168,1
"Mus booduga",0,0.25893708293613,0.416197183098592,0.323943661971831,1,0.586715867158672,440.6,0.517158759033045,1
"Cephalophus weynsi",0,0.299571020019066,0.7,0.483098591549296,NA,0.586715867158672,603.75,0.517346369681758,1
"Hydropotes inermis",1,0.335200190657769,0.566197183098592,0.998591549295775,NA,0.174354243542435,653,0.518585791648643,1
"Cephalophus nigrifrons",0,0.379051477597712,0.7,0.425352112676056,NA,0.586715867158672,676.875,0.52277986435811,1
"Philander opossum",0,NA,0.387323943661972,0.271830985915493,1,0.437269372693727,244.5,0.524106075567798,1
"Nanger granti",0,0.375119161105815,0.522535211267606,0.287323943661972,1,0.437269372693727,531.8,0.524449537745824,1
"Oryx beisa",0,0.33615347950429,0.716901408450704,0.471830985915493,NA,0.586715867158672,643.125,0.52790043525729,1
"Macaca radiata",0,0.594018112488084,0.51830985915493,0.187323943661972,1,0.346863468634686,690.9,0.529303076787934,1
"Martes pennanti",0,0.544447092469018,0.41830985915493,0.252112676056338,1,0.437269372693727,654.1,0.530427800074803,1
"Tragelaphus imberbis",0,0.329122974261201,0.747887323943662,0.459154929577465,NA,0.586715867158672,639,0.53072027373525,1
"Cervus nippon",0,0.372020972354623,0.707042253521127,0.46056338028169,NA,0.586715867158672,677,0.531585618329028,1
"Bradypus variegatus",0,0.830433746425167,0.305633802816901,0.180281690140845,1,0.346863468634686,858.1,0.53264254160352,1
"Mastomys erythroleucus",0,0.271091515729266,0.414084507042254,0.392957746478873,1,0.586715867158672,460.3,0.532969927281813,1
"Macaca nemestrina",0,0.385486177311725,0.81830985915493,0.343661971830986,NA,0.586715867158672,690.125,0.533543468864078,1
"Bandicota indica",0,0.219137273593899,0.914788732394366,0.415492957746479,NA,0.586715867158672,545.5,0.534033707723354,1
"Ammotragus lervia",0,0.450428979980934,0.7,0.404225352112676,NA,0.586715867158672,748,0.535342549813071,1
"Meriones hurrianae",0,0.53813155386082,0.638028169014085,0.164788732394366,1,0.346863468634686,657.8,0.537562384780791,1
"Bos javanicus",0,0.281339370829361,0.836619718309859,0.453521126760563,NA,0.586715867158672,603.625,0.539549020764614,1
"Caracal caracal",0,0.249404194470925,0.866197183098592,0.476056338028169,NA,0.586715867158672,579.375,0.544593395689089,1
"Nycticebus pygmaeus",1,0.484628217349857,0.566197183098592,0.96056338028169,NA,0.174354243542435,803,0.546435756068144,1
"Leopardus pardalis",0,0.491658722592946,0.526760563380282,0.277464788732394,1,0.437269372693727,628.8,0.54663068947987,1
"Microtus californicus",0,0.564346997140133,0.496478873239437,0.245070422535211,1,0.437269372693727,680.9,0.548633133121702,1
"Trichosurus vulpecula",0,NA,0.694366197183099,0.366197183098592,NA,0.586715867158672,357,0.549093082480121,1
"Peromyscus truei",0,0.566491897044805,0.496478873239437,0.259154929577465,1,0.437269372693727,684.7,0.551879014511087,1
"Papio papio",0,0.566491897044805,0.233098591549296,0.373239436619718,1,0.586715867158672,679.7,0.551909158474498,1
"Neovison vison",0,0.54706863679695,0.702816901408451,0.169014084507042,1,0.346863468634686,675.1,0.553152618269426,1
"Rhombomys opimus",0,0.475929456625357,0.722535211267606,0.43943661971831,NA,0.586715867158672,785,0.556154288692486,1
"Phoca vitulina",0,0.723665395614871,0.545070422535211,0.171830985915493,1,0.346863468634686,801.3,0.557486054540052,1
"Callithrix leucippe",0,NA,0.233098591549296,0.411267605633803,1,0.586715867158672,262.125,0.557770516085443,1
"Oligoryzomys nigripes",0,0.607244995233556,0.519718309859155,0.238028169014084,1,0.437269372693727,719.2,0.560452169360104,1
"Equus burchellii",0,NA,0.533802816901408,0.276056338028169,1,0.437269372693727,271.25,0.561782131905826,1
"Semnopithecus entellus",0,0.629408960915157,0.501408450704225,0.242253521126761,1,0.437269372693727,735.8,0.562068061087974,1
"Spermophilus richardsonii",0,0.881553860819828,0.664788732394366,0.267605633802817,NA,0.437269372693727,1149.5,0.562804399927685,1
"Myocastor coypus",0,0.799451858913251,0.307042253521127,0.270422535211268,1,0.437269372693727,854.9,0.562837204067874,1
"Tamandua tetradactyla",0,0.891205910390848,0.240845070422535,0.256338028169014,1,0.437269372693727,920.5,0.565131676335225,1
"Ovis dalli",0,0.610581506196378,0.498591549295775,0.283098591549296,1,0.437269372693727,725.4,0.565908203947035,1
"Sorex araneus",0,0.285986653956149,0.524647887323944,0.435211267605634,1,0.586715867158672,494.5,0.56651233520888,1
"Dasypus novemcinctus",0,0.898474737845567,0.240845070422535,0.26056338028169,1,0.437269372693727,927.2,0.567430512248704,1
"Spermophilus beecheyi",0,0.986415633937083,0.38169014084507,0.136619718309859,1,0.346863468634686,993.6,0.57031779234534,1
"Dasyprocta punctata",0,0.766920877025739,0.513380281690141,0.416901408450704,NA,0.586715867158672,1049.125,0.570979608581314,1
"Colobus guereza",0,0.438632030505243,0.792957746478873,0.470422535211268,NA,0.586715867158672,763.875,0.572182044838514,1
"Callithrix jacchus",0,0.945662535748332,0.833802816901408,0.185915492957746,NA,0.346863468634686,1220,0.578061078560543,1
"Lepus europaeus",0,0.385486177311725,0.980281690140845,0.367605633802817,NA,0.586715867158672,723.125,0.580022342103515,1
"Urocyon littoralis",0,0.539680648236416,0.794366197183099,0.423943661971831,NA,0.586715867158672,861.875,0.586176593637504,1
"Lynx rufus",0,0.560414680648236,0.376760563380282,0.414084507042254,1,0.586715867158672,700.8,0.587595123645889,1
"Zygodontomys brevicauda",0,0.541468064823642,0.406338028169014,0.41830985915493,1,0.586715867158672,689.7,0.590566363861251,1
"Lophocebus albigena",0,0.438632030505243,0.883802816901408,0.454929577464789,NA,0.586715867158672,777.25,0.591020073007528,1
"Connochaetes gnou",0,0.499046711153479,0.838028169014085,0.447887323943662,NA,0.586715867158672,831.25,0.592919517817474,1
"Dasyprocta leporina",0,0.738679694947569,0.233098591549296,0.408450704225352,1,0.586715867158672,829.2,0.593388971576178,1
"Cercopithecus nictitans",0,0.529909437559581,0.883802816901408,0.377464788732394,NA,0.586715867158672,859.25,0.594473227588014,1
"Martes foina",0,0.179099142040038,0.176760563380282,0.62112676056338,1,1,426.6,0.59539729319674,1
"Sylvilagus brasiliensis",0,0.614275500476644,0.647887323943662,0.27887323943662,1,0.437269372693727,749.1,0.595661087310131,1
"Tragelaphus scriptus",0,0.279313632030505,0.649295774647887,0.48169014084507,1,0.586715867158672,513.2,0.599403082936427,1
"Mesocricetus auratus",0,0.669566253574833,0.788732394366197,0.195774647887324,1,0.346863468634686,793.9,0.600187352892608,1
"Otomys tropicalis",0,0.313512869399428,0.691549295774648,0.412676056338028,1,0.586715867158672,538.1,0.600890817734155,1
"Chlorocebus pygerythrus",0,0.461987607244995,0.959154929577465,0.395774647887324,NA,0.586715867158672,804.625,0.600908262967114,1
"Hylobates lar",0,0.400500476644423,0.950704225352113,0.466197183098592,NA,0.586715867158672,751.125,0.60102943806345,1
"Oryzomys laticeps",0,NA,0.406338028169014,0.429577464788732,1,0.586715867158672,296.125,0.605657840029104,1
"Eumetopias jubatus",0,0.710795996186845,0.745070422535211,0.384507042253521,NA,0.586715867158672,1025.625,0.606772332033562,1
"Oreamnos americanus",0,0.672187797902765,0.707042253521127,0.461971830985915,NA,0.586715867158672,992.125,0.60697943739212,1
"Ammospermophilus nelsoni",0,0.86606291706387,0.233098591549296,0.371830985915493,1,0.586715867158672,930.9,0.611541672337466,1
"Caluromys philander",0,NA,0.406338028169014,0.456338028169014,1,0.586715867158672,300.875,0.612347980874175,1
"Alouatta caraya",0,0.812559580552908,0.233098591549296,0.442253521126761,1,0.586715867158672,896,0.614925512077527,1
"Alouatta palliata",0,0.799451858913251,0.302112676056338,0.388732394366197,1,0.586715867158672,887.2,0.615402559298892,1
"Calomys callosus",0,0.689704480457579,0.785915492957746,0.405633802816901,NA,0.586715867158672,1014.5,0.616992410847724,1
"Trachypithecus cristatus",0,0.442445185891325,0.636619718309859,0.419718309859155,1,0.586715867158672,639.5,0.617099816243802,1
"Macaca fuscata",0,0.618446139180172,0.791549295774648,0.474647887323944,NA,0.586715867158672,953,0.617839797359359,1
"Cystophora cristata",0,0.672187797902765,0.78169014084507,0.430985915492958,NA,0.586715867158672,999.875,0.617894930349866,1
"Capra ibex",0,0.5767397521449,0.832394366197183,0.47887323943662,NA,0.586715867158672,917.25,0.618680806234344,1
"Tolypeutes matacus",0,0.860819828408008,0.233098591549296,0.42112676056338,1,0.586715867158672,933.5,0.620352209535871,1
"Spermophilus tridecemlineatus",0,0.982364156339371,0.0964788732394366,0.436619718309859,1,0.586715867158672,1018.3,0.620435723009468,1
"Erethizon dorsatum",0,0.83567683508103,0.32112676056338,0.359154929577465,1,0.586715867158672,916.1,0.620534878476109,1
"Alouatta pigra",0,0.830433746425167,0.302112676056338,0.394366197183099,1,0.586715867158672,914,0.622725697364655,1
"Pan paniscus",0,0.616182078169685,0.912676056338028,0.37887323943662,NA,0.586715867158672,955.125,0.623611810275751,1
"Pagophilus groenlandicus",0,0.666706387035272,0.78169014084507,0.463380281690141,NA,0.586715867158672,999.875,0.624623169182289,1
"Tamiasciurus hudsonicus",0,0.881553860819828,0.536619718309859,0.285915492957746,1,0.437269372693727,958.6,0.628271688956232,1
"Mellivora capensis",0,0.22199714013346,0.176760563380282,0.746478873239437,1,1,480.4,0.629047315350636,1
"Myodes gapperi",0,0.612488083889418,0.933802816901408,0.387323943661972,NA,0.586715867158672,956.5,0.630082677902868,1
"Lobodon carcinophaga",0,0.720924690181125,0.78169014084507,0.438028169014085,NA,0.586715867158672,1052.25,0.631839716799738,1
"Bison bonasus",0,0.651334604385129,0.816901408450704,0.473239436619718,NA,0.586715867158672,991.75,0.632047829153556,1
"Canis aureus",0,0.117969494756911,0.733802816901408,0.68169014084507,NA,1,510.5,0.633365613125848,1
"Oryzomys megacephalus",0,NA,0.532394366197183,0.433802816901408,1,0.586715867158672,319.25,0.638228262564316,1
"Otocyon megalotis",0,0.281935176358437,0.176760563380282,0.736619718309859,1,1,529.3,0.639063091609716,1
"Neotoma fuscipes",0,0.706625357483317,0.485211267605634,0.428169014084507,1,0.586715867158672,840.9,0.641344301266426,1
"Genetta maculata",0,0.268946615824595,0.733802816901408,0.563380281690141,NA,1,647.875,0.641532428604036,1
"Metachirus nudicaudatus",0,NA,0.588732394366197,0.391549295774648,1,0.586715867158672,321.75,0.641749389324879,1
"Ovibos moschatus",0,0.594018112488084,0.935211267605634,0.452112676056338,NA,0.586715867158672,948.875,0.642014480827182,1
"Leopardus geoffroyi",0,0.575309818875119,0.938028169014084,0.469014084507042,NA,0.586715867158672,932.75,0.642266984888729,1
"Apodemus chevrieri",0,0.251549094375596,0.452112676056338,0.526760563380282,1,1,513.1,0.646084466762443,1
"Heteromys anomalus",0,0.818398474737846,0.406338028169014,0.422535211267606,1,0.586715867158672,922.7,0.646797516266627,1
"Ateles geoffroyi",0,0.815657769304099,0.835211267605634,0.350704225352113,NA,0.586715867158672,1145.625,0.647072282355129,1
"Atilax paludinosus",0,0.270734032411821,0.176760563380282,0.790140845070422,1,1,527.5,0.647527088172505,1
"Chrysocyon brachyurus",0,0.419804575786463,0.176760563380282,0.656338028169014,1,1,633.6,0.650580633467152,1
"Lepus timidus",0,0.471163012392755,0.746478873239437,0.450704225352113,1,0.586715867158672,683.6,0.651012395628595,1
"Praomys jacksoni",0,0.286463298379409,0.35,0.632394366197183,1,1,542.9,0.653771532915318,1
"Vulpes corsac",0,0.268469971401335,0.176760563380282,0.829577464788732,1,1,531.2,0.65496159991407,1
"Genetta genetta",0,0.229504289799809,0.176760563380282,0.876056338028169,1,1,505.1,0.656464238241652,1
"Vulpes lagopus",0,0.491658722592946,0.176760563380282,0.615492957746479,1,1,688.1,0.656782448743941,1
"Sciurus griseus",0,0.920519542421354,0.643661971830986,0.477464788732394,NA,0.586715867158672,1244.125,0.657090542535851,1
"Lycalopex vetulus",0,0.458293612964728,0.176760563380282,0.657746478873239,1,1,666.1,0.65856013104365,1
"Lemur catta",0,0.904551954242135,0.416197183098592,0.398591549295775,1,0.586715867158672,993,0.661211310759035,1
"Marmota flaviventris",0,0.849022878932317,0.485211267605634,0.432394366197183,1,0.586715867158672,961,0.670668875978761,1
"Vandeleuria oleracea",0,0.236296472831268,0.35,0.77887323943662,1,1,521.6,0.673033942453578,1
"Proteles cristata",0,0.291825548141087,0.176760563380282,0.898591549295775,1,1,560.6,0.673435532163429,1
"Arvicola amphibius",0,0.26930409914204,0.35,0.750704225352113,1,1,545.3,0.674001664898831,1
"Prionailurus bengalensis",0,0.160867492850334,0.942957746478873,0.595774647887324,NA,1,577.375,0.674899971804133,1
"Mandrillus leucophaeus",0,0.720924690181125,0.936619718309859,0.480281690140845,NA,0.586715867158672,1087.25,0.681135491447625,1
"Trachypithecus francoisi",0,0.42302192564347,0.35,0.643661971830986,1,1,659.1,0.683336779494891,1
"Galago senegalensis",0,0.485581506196378,0.614084507042253,0.63943661971831,NA,1,867.375,0.684775658239235,1
"Ondatra zibethicus",0,0.276811248808389,0.35,0.798591549295775,1,1,558.4,0.685080559620833,1
"Neotoma floridana",0,0.62476167778837,0.176760563380282,0.623943661971831,1,1,801,0.685093180628097,1
"Sylvilagus floridanus",0,0.74904671115348,0.750704225352113,0.36056338028169,1,0.586715867158672,904.6,0.689406036789191,1
"Ursus arctos",0,0.255243088655863,0.614084507042253,0.892957746478873,NA,1,670.75,0.690571335544247,1
"Apodemus speciosus",0,0.355338417540515,0.35,0.747887323943662,1,1,617.1,0.690645148296835,1
"Madromys blanfordi",0,0.32769304099142,0.35,0.78169014084507,1,1,598.7,0.691876636367298,1
"Redunca fulvorufula",0,0.349261201143947,0.733802816901408,0.690140845070423,NA,1,754.625,0.693301215778944,1
"Micaelamys namaquensis",0,0.314585319351764,0.909154929577465,0.550704225352113,NA,1,724.625,0.693611118570335,1
"Apodemus argenteus",0,0.323879885605338,0.35,0.797183098591549,1,1,597.7,0.694212596839378,1
"Cynictis penicillata",0,0.48963298379409,0.176760563380282,0.814084507042254,1,1,714.6,0.696095610843325,1
"Felis nigripes",0,0.507983794089609,0.176760563380282,0.807042253521127,1,1,729,0.698357322198204,1
"Lynx lynx",0,0.252144899904671,0.848591549295775,0.702816901408451,NA,1,675.375,0.700888337652224,1
"Otomys irroratus",0,0.392635843660629,0.733802816901408,0.680281690140845,NA,1,798.375,0.701680087675721,1
"Akodon montensis",0,0.590443279313632,0.35,0.628169014084507,1,1,797.4,0.713722458679628,1
"Phacochoerus africanus",0,0.280505243088656,0.995070422535211,0.580281690140845,NA,1,709.375,0.713964338941178,1
"Muntiacus muntjak",0,0.274189704480458,0.826056338028169,0.756338028169014,NA,1,704,0.71414601766941,1
"Rupicapra rupicapra",0,0.330076263107722,0.922535211267606,0.61830985915493,NA,1,755.25,0.717730333382564,1
"Crocidura attenuata",0,0.22032888465205,0.452112676056338,0.91830985915493,1,1,542.5,0.718150283972663,1
"Mus spicilegus",0,0.257745471877979,0.977464788732394,0.642253521126761,NA,1,693.375,0.719365945434284,1
"Suricata suricatta",0,0.55838894184938,0.176760563380282,0.870422535211268,1,1,780.3,0.721114408088186,1
"Potamochoerus porcus",0,0.312082936129647,0.995070422535211,0.57887323943662,NA,1,742.25,0.72150664952537,1
"Mus spretus",0,0.265848427073403,0.990140845070423,0.635211267605634,NA,1,702.875,0.722800134937365,1
"Mustela putorius",0,0.248927550047664,0.452112676056338,0.915492957746479,1,1,566.1,0.723306636770096,1
"Reithrodontomys megalotis",0,0.551835081029552,0.35,0.740845070422535,1,1,781,0.728536030290417,1
"Coendou prehensilis",0,0.647640610104862,0.614084507042253,0.66056338028169,NA,1,1041.125,0.730572124357201,1
"Hydrochoerus hydrochaeris",0,0.660271687321258,0.176760563380282,0.81830985915493,1,1,858.4,0.731068421971294,1
"Nasua narica",0,0.499046711153479,0.765492957746479,0.664788732394366,NA,1,912.875,0.732332100323581,1
"Gazella subgutturosa",0,0.317445185891325,0.733802816901408,0.883098591549296,NA,1,755.5,0.733586648585507,1
"Macaca arctoides",0,0.284199237368923,0.922535211267606,0.728169014084507,NA,1,726.625,0.733725865680259,1
"Mus setulosus",0,0.267040038131554,0.973239436619718,0.701408450704225,NA,1,712.875,0.735421981363874,1
"Heliosciurus rufobrachium",0,0.512035271687321,0.848591549295775,0.585915492957746,NA,1,927.25,0.736635578485211,1
"Rusa unicolor",0,0.179099142040038,0.826056338028169,0.943661971830986,NA,1,637.5,0.737204362974798,1
"Ourebia ourebi",0,0.261916110581506,0.733802816901408,0.956338028169014,NA,1,710.25,0.738014238912982,1
"Dasymys incomtus",0,0.268946615824595,0.680281690140845,0.743661971830986,1,1,590.9,0.738578055559285,1
"Cerdocyon thous",0,0.445066730219256,0.805633802816901,0.708450704225352,NA,1,871.125,0.739787809315377,1
"Calomys musculinus",0,0.59556720686368,0.35,0.769014084507042,1,1,821.7,0.742916258274144,1
"Myodes rufocanus",0,0.340681601525262,0.848591549295775,0.787323943661972,NA,1,783.25,0.744149273620752,1
"Desmodillus auricularis",0,0.545757864632984,0.35,0.832394366197183,1,1,788.9,0.745630446166033,1
"Mustela lutreola",0,0.256673021925643,0.863380281690141,0.863380281690141,NA,1,711.25,0.745858396326481,1
"Mungos mungo",0,0.294804575786463,0.991549295774648,0.697183098591549,NA,1,744.5,0.745884242538165,1
"Spermophilus undulatus",0,0.594018112488084,0.176760563380282,0.959154929577465,1,1,822.8,0.745986721089166,1
"Nycticebus coucang",0,0.42302192564347,0.680281690140845,0.633802816901408,1,1,704.6,0.747421286537145,1
"Lophuromys flavopunctatus",0,0.292897998093422,0.680281690140845,0.766197183098592,1,1,614.2,0.747875374266572,1
"Bassaricyon gabbii",0,0.566491897044805,0.765492957746479,0.661971830985915,NA,1,983.125,0.7484891714443,1
"Glaucomys volans",0,0.763346043851287,0.176760563380282,0.808450704225352,1,1,943.5,0.749711462291384,1
"Spermophilus variegatus",0,0.753098188751192,0.176760563380282,0.82112676056338,1,1,936.7,0.750197102538971,1
"Pithecia pithecia",0,0.732840800762631,0.614084507042253,0.659154929577465,NA,1,1130.25,0.751520059345587,1
"Galerella sanguinea",0,NA,0.176760563380282,0.838028169014085,1,1,383.875,0.753697183098592,1
"Puma yagouaroundi",0,0.510605338417541,0.452112676056338,0.811267605633803,1,1,770.9,0.754797124021536,1
"Deomys ferrugineus",0,0.487845567206864,0.452112676056338,0.836619718309859,1,1,755.4,0.755315592314612,1
"Cricetus cricetus",0,0.321377502383222,0.962676056338028,0.742253521126761,NA,1,775.25,0.756576769962003,1
"Meles meles",0,0.245829361296473,0.917605633802817,0.874647887323944,NA,1,711.5,0.759520720605808,1
"Lycalopex gymnocercus",0,0.437082936129647,0.805633802816901,0.795774647887324,NA,1,878.25,0.759622846708468,1
"Cercopithecus pogonias",0,0.476882745471878,0.614084507042253,0.947887323943662,NA,1,913,0.759713644114448,1
"Gazella dorcas",0,0.319351763584366,0.805633802816901,0.925352112676056,NA,1,777.75,0.762584419769331,1
"Spermophilus citellus",0,0.435653002859867,0.992957746478873,0.625352112676056,NA,1,879.75,0.763490715503699,1
"Akodon azarae",0,0.592707340324118,0.614084507042253,0.853521126760563,NA,1,1017.75,0.765078243531734,1
"Oryzomys palustris",0,0.674928503336511,0.35,0.801408450704225,1,1,892.9,0.765267390808147,1
"Funambulus tristriatus",0,0.863560533841754,0.35,0.622535211267606,1,1,1025.8,0.767219149021872,1
"Castor fiber",0,0.376668255481411,0.848591549295775,0.849295774647887,NA,1,832,0.768638894856268,1
"Pseudois nayaur",0,0.296234509056244,0.805633802816901,0.980281690140845,NA,1,763.25,0.770537500503498,1
"Tragelaphus eurycerus",0,0.303503336510963,0.873239436619718,0.914084507042254,NA,1,771.125,0.772706820043234,1
"Glis glis",0,0.363560533841754,0.890140845070423,0.83943661971831,NA,1,823.875,0.773284499657622,1
"Colobus polykomos",0,0.578765490943756,0.35,0.93943661971831,1,1,831.8,0.773640422132413,1
"Nectomys squamipes",0,0.632387988560534,0.680281690140845,0.556338028169014,1,1,869.3,0.773801541374079,1
"Cuniculus paca",0,0.626787416587226,0.614084507042253,0.856338028169014,NA,1,1054,0.774302487949623,1
"Cricetomys emini",0,0.426239275500477,0.848591549295775,0.822535211267606,NA,1,879.25,0.774341509015964,1
"Arvicola scherman",0,0.328884652049571,0.848591549295775,0.922535211267606,NA,1,794.875,0.775002853153238,1
"Thryonomys swinderianus",0,0.502502383222116,0.733802816901408,0.866197183098592,NA,1,946.625,0.775625595805529,1
"Boselaphus tragocamelus",0,0.362368922783603,0.826056338028169,0.929577464788732,NA,1,827.25,0.779500681400126,1
"Tragelaphus angasii",0,0.499046711153479,0.733802816901408,0.885915492957747,NA,1,946.5,0.779691255253159,1
"Mastomys huberti",0,0.344256434699714,0.909154929577465,0.880281690140845,NA,1,814.25,0.783423263604506,1
"Procapra gutturosa",0,0.600810295519542,0.826056338028169,0.707042253521127,NA,1,1037.875,0.78347722176721,1
"Tupaia belangeri",0,0.287178265014299,0.948591549295775,0.901408450704225,NA,1,765.125,0.784294566253575,1
"Melanomys caliginosus",0,0.610581506196378,0.614084507042253,0.916901408450704,NA,1,1047.75,0.785391855422334,1
"Orcinus orca",0,NA,0.35,0.794366197183099,1,1,406.875,0.786091549295775,1
"Choloepus didactylus",0,0.878693994280267,0.614084507042253,0.652112676056338,NA,1,1282,0.786222794344715,1
"Gerbilliscus validus",0,0.392635843660629,0.680281690140845,0.86056338028169,1,1,711.3,0.786696182816633,1
"Meriones libycus",0,0.37571496663489,0.848591549295775,0.928169014084507,NA,1,845,0.788118882503793,1
"Ateles paniscus",0,0.799451858913251,0.35,0.8,1,1,997.2,0.78989037178265,1
"Onychomys torridus",0,0.756315538608198,0.35,0.843661971830986,1,1,967.2,0.789995502087837,1
"Raphicerus sharpei",0,0.372020972354623,0.826056338028169,0.964788732394366,NA,1,843.625,0.79071651069429,1
"Thomomys talpoides",0,0.842588179218303,0.35,0.764788732394366,1,1,1028.4,0.791475382322534,1
"Cercopithecus neglectus",0,0.464728312678742,0.929577464788732,0.777464788732394,NA,1,926,0.792942641549967,1
"Oryzomys alfaroi",0,NA,0.614084507042253,0.784507042253521,NA,1,511.666666666667,0.799530516431925,1
"Taxidea taxus",0,0.522402287893232,0.805633802816901,0.877464788732394,NA,1,982.25,0.801375219860632,1
"Saiga tatarica",0,0.525262154432793,0.826056338028169,0.859154929577465,NA,1,985.625,0.802618355509607,1
"Capra pyrenaica",0,0.505243088655863,0.733802816901408,0.994366197183099,NA,1,972.25,0.808353025685092,1
"Phacochoerus aethiopicus",0,0.507983794089609,0.826056338028169,0.902816901408451,NA,1,975.25,0.809214258381557,1
"Ozotoceros bezoarticus",0,0.464728312678742,0.962676056338028,0.815492957746479,NA,1,938.625,0.810724331690812,1
"Funisciurus anerythrus",0,0.506911344137274,0.848591549295775,0.888732394366197,NA,1,975.625,0.811058821949811,1
"Tragulus javanicus",0,0.450428979980934,0.873239436619718,0.926760563380282,NA,1,927.5,0.812607244995234,1
"Caluromys derbianus",0,NA,0.765492957746479,0.674647887323944,NA,1,521.5,0.813380281690141,1
"Presbytis melalophos",0,0.513465204957102,0.680281690140845,0.873239436619718,1,1,814.5,0.813397266343533,1
"Lepus capensis",0,0.369995233555767,0.985211267605634,0.9,NA,1,858.25,0.81380162529035,1
"Tylomys nudicaudus",0,0.660271687321258,0.765492957746479,0.833802816901408,NA,1,1112,0.814891865492286,1
"Proechimys guairae",0,0.756315538608198,0.614084507042253,0.894366197183099,NA,1,1196.625,0.816191560708388,1
"Mustela nigripes",0,0.551835081029552,0.962676056338028,0.76056338028169,NA,1,1020.25,0.818768629412318,1
"Saguinus geoffroyi",0,0.929575786463298,0.35,0.816901408450704,1,1,1108.8,0.819295438982801,1
"Pudu puda",0,0.612488083889418,0.873239436619718,0.791549295774648,NA,1,1073.5,0.819319204070946,1
"Halichoerus grypus",0,0.629408960915157,0.805633802816901,0.846478873239437,NA,1,1089,0.820380409242874,1
"Rusa timorensis",0,0.620710200190658,0.917605633802817,0.763380281690141,NA,1,1085,0.825424028920904,1
"Dipodomys heermanni",0,0.891205910390848,0.35,0.891549295774648,1,1,1087.2,0.826551041233099,1
"Saguinus midas",0,0.782769304099142,0.614084507042253,0.909859154929577,NA,1,1227.125,0.826678241517743,1
"Alouatta seniculus",0,0.742135367016206,0.614084507042253,0.952112676056338,NA,1,1192,0.827083137528699,1
"Cercopithecus mitis",0,0.481291706387035,0.962676056338028,0.864788732394366,NA,1,964.75,0.827189123779857,1
"Sylvilagus nuttallii",0,0.895853193517636,0.35,0.890140845070423,1,1,1090.9,0.827198807717612,1
"Delphinus delphis",0,NA,0.805633802816901,0.676056338028169,NA,1,531.333333333333,0.827230046948357,1
"Dipodomys nitratoides",0,0.96234509056244,0.35,0.825352112676056,1,1,1137.5,0.827539440647699,1
"Lemmus lemmus",0,0.484628217349857,0.987323943661972,0.845070422535211,NA,1,969.125,0.82925564588676,1
"Phocoena phocoena",0,NA,0.805633802816901,0.683098591549296,NA,1,533,0.829577464788732,1
"Odobenus rosmarus",0,0.683746425166826,0.948591549295775,0.687323943661972,NA,1,1143.125,0.829915479531143,1
"Blastocerus dichotomus",0,0.507983794089609,0.826056338028169,0.985915492957746,NA,1,990,0.829988906268881,1
"Equus hemionus",0,0.666706387035272,0.863380281690141,0.792957746478873,NA,1,1128.875,0.830761103801071,1
"Cercopithecus petaurista",0,0.50917540514776,0.848591549295775,0.969014084507042,NA,1,992.25,0.831695259737644,1
"Coendou rothschildi",0,0.89335081029552,0.765492957746479,0.67887323943662,NA,1,1329,0.834429251869655,1
"Macaca sylvanus",0,0.738679694947569,0.890140845070423,0.716901408450704,NA,1,1195.625,0.836430487117174,1
"Myrmecophaga tridactyla",0,0.773355576739752,0.982394366197183,0.592957746478873,NA,1,1226.375,0.837176922353952,1
"Baiomys taylori",0,0.647640610104862,0.765492957746479,0.936619718309859,NA,1,1117,0.8374383215403,1
"Rupicapra pyrenaica",0,0.590443279313632,0.873239436619718,0.887323943661972,NA,1,1067.375,0.837751664898831,1
"Oligoryzomys flavescens",0,0.569351763584366,0.848591549295775,0.933802816901408,NA,1,1049.125,0.837936532445387,1
"Capricornis crispus",0,0.500357483317445,0.873239436619718,0.984507042253521,NA,1,990.125,0.839525990547671,1
"Neotoma cinerea",0,0.637154432793136,0.899295774647887,0.826760563380282,NA,1,1110.25,0.840802692705326,1
"Trinomys iheringi",0,0.802430886558627,0.680281690140845,0.726760563380282,1,1,1036.2,0.841894628015951,1
"Spermophilus fulvus",0,0.531220209723546,0.848591549295775,0.988732394366197,NA,1,1018.875,0.84213603834638,1
"Globicephala melas",0,NA,0.805633802816901,0.72112676056338,NA,1,542,0.842253521126761,1
"Cercopithecus cephus",0,0.563274547187798,0.929577464788732,0.88169014084507,NA,1,1047.875,0.8436355382054,1
"Mirounga leonina",0,NA,0.614084507042253,0.923943661971831,NA,1,544.666666666667,0.846009389671362,1
"Cercocebus galeritus",0,NA,0.929577464788732,0.609859154929577,NA,1,545,0.846478873239437,1
"Cercocebus agilis",0,0.435653002859867,0.954929577464789,0.995774647887324,NA,1,938.75,0.846589307052995,1
"Sciurus granatensis",0,0.782769304099142,0.614084507042253,0.991549295774648,NA,1,1241.625,0.847100776729011,1
"Hylobates moloch",0,0.714609151572927,0.96830985915493,0.705633802816901,NA,1,1182.25,0.847138203386189,1
"Reithrodontomys mexicanus",0,0.647640610104862,0.680281690140845,0.912676056338028,1,1,932.7,0.848119671316747,1
"Dipodomys merriami",0,0.799451858913251,0.765492957746479,0.840845070422535,NA,1,1259.25,0.851447471770566,1
"Tamias umbrinus",0,0.929575786463298,0.899295774647887,0.590140845070423,NA,1,1375,0.854753101545402,1
"Hylobates pileatus",0,0.494161105815062,0.96830985915493,0.966197183098592,NA,1,997.25,0.857167037017146,1
"Cephalophus callipygus",0,0.494161105815062,0.973239436619718,0.961971830985916,NA,1,997.375,0.857343093355174,1
"Sylvilagus aquaticus",0,0.9430409914204,0.680281690140845,0.667605633802817,1,1,1145.8,0.858185663072813,1
"Pusa sibirica",0,0.693160152526215,0.805633802816901,0.935211267605634,NA,1,1171.625,0.858501305737188,1
"Chaetodipus spinatus",0,0.955791229742612,0.680281690140845,0.666197183098592,1,1,1156.3,0.86045402059641,1
"Cebus apella",0,0.693160152526215,0.680281690140845,0.940845070422535,1,1,974.9,0.862857382617919,1
"Macaca tonkeana",0,0.686725452812202,0.954929577464789,0.809859154929577,NA,1,1169.125,0.862878546301642,1
"Saguinus labiatus",0,0.855338417540515,0.997887323943662,0.605633802816901,NA,1,1317.375,0.86471488607527,1
"Delphinapterus leucas",0,NA,0.997887323943662,0.598591549295775,NA,1,558.5,0.865492957746479,1
"Sciurus variegatoides",0,0.907173498570067,0.614084507042253,0.945070422535211,NA,1,1363.875,0.866582107036883,1
"Cercocebus atys",0,0.55838894184938,0.929577464788732,0.983098591549296,NA,1,1060.75,0.867766249546852,1
"Callithrix geoffroyi",0,0.976167778836988,0.765492957746479,0.729577464788732,NA,1,1424.875,0.86780955034305,1
"Trachypithecus obscurus",0,0.491658722592946,0.988732394366197,0.992957746478873,NA,1,1003,0.868337215859504,1
"Liomys adspersus",0,0.976167778836988,0.765492957746479,0.735211267605634,NA,1,1425.875,0.869218001047275,1
"Peromyscus boylii",0,0.612488083889418,0.899295774647887,0.970422535211268,NA,1,1109.875,0.870551598437143,1
"Hoplomys gymnurus",0,0.917778836987607,0.614084507042253,0.954929577464789,NA,1,1376.75,0.871698230373662,1
"Perognathus parvus",0,0.855338417540515,0.899295774647887,0.753521126760563,NA,1,1326.125,0.877038829737241,1
"Zalophus californianus",0,0.634771210676835,0.942957746478873,0.932394366197183,NA,1,1134.25,0.877530830838223,1
"Chironectes minimus",0,NA,0.765492957746479,0.869014084507042,NA,1,567.5,0.878169014084507,1
"Proechimys longicaudatus",0,0.770257387988561,0.765492957746479,0.97887323943662,NA,1,1253.125,0.878655896292915,1
"Pongo abelii",0,0.637154432793136,0.96830985915493,0.92112676056338,NA,1,1139.25,0.881647763127862,1
"Macropus rufus",0,NA,0.733802816901408,0.911267605633803,NA,1,570,0.88169014084507,1
"Macaca maura",0,0.842588179218303,0.954929577464789,0.730985915492958,NA,1,1318.625,0.882125918044012,1
"Isoodon macrourus",0,NA,0.680281690140845,0.850704225352113,1,1,475.5,0.882746478873239,1
"Aotus azarae",0,0.759532888465205,0.805633802816901,0.967605633802817,NA,1,1247,0.883193081271231,1
"Macaca cyclopis",0,0.799451858913251,0.922535211267606,0.812676056338028,NA,1,1282.125,0.883665781629721,1
"Miopithecus talapoin",0,0.620710200190658,0.929577464788732,0.987323943661972,NA,1,1126.875,0.884402902160341,1
"Stenella coeruleoalba",0,NA,0.805633802816901,0.847887323943662,NA,1,572,0.884507042253521,1
"Funisciurus congicus",0,0.759532888465205,0.848591549295775,0.950704225352113,NA,1,1251.625,0.889707165778273,1
"Macaca ochreata",0,0.699714013346044,0.954929577464789,0.904225352112676,NA,1,1199.5,0.889717235730877,1
"Diplomys labilis",0,0.965085795996187,0.765492957746479,0.830985915492958,NA,1,1431.25,0.890391167308906,1
"Perameles nasuta",0,NA,0.680281690140845,0.884507042253521,1,1,481.5,0.891197183098592,1
"Balaenoptera borealis",0,NA,0.942957746478873,0.73943661971831,NA,1,578.833333333333,0.894131455399061,1
"Macropus fuliginosus",0,NA,0.733802816901408,0.949295774647887,NA,1,579,0.894366197183099,1
"Pelomys isseli",0,NA,0.909154929577465,0.774647887323944,NA,1,579.166666666667,0.894600938967136,1
"Cebus capucinus",0,0.838298379408961,0.765492957746479,0.974647887323944,NA,1,1323.75,0.894609806119846,1
"Cabassous centralis",0,0.909795042897998,0.765492957746479,0.908450704225352,NA,1,1387,0.895934676217457,1
"Marmosa murina",0,NA,0.680281690140845,0.905633802816901,1,1,485.25,0.896478873239437,1
"Tursiops truncatus",0,NA,0.805633802816901,0.897183098591549,NA,1,583.666666666667,0.90093896713615,1
"Tamias minimus",0,0.855338417540515,0.899295774647887,0.895774647887324,NA,1,1351.375,0.912602210018931,1
"Leptonychotes weddellii",0,0.83567683508103,0.863380281690141,0.963380281690141,NA,1,1336.375,0.915609349615328,1
"Spermophilus columbianus",0,0.9430409914204,0.899295774647887,0.835211267605634,NA,1,1432.625,0.91938700841848,1
"Macaca nigra",0,0.773355576739752,0.954929577464789,0.957746478873239,NA,1,1286.25,0.921507908269445,1
"Eulemur albifrons",0,0.904551954242135,0.890140845070423,0.907042253521127,NA,1,1403.375,0.925433763208421,1
"Sylvilagus bachmani",0,0.875595805529075,0.985211267605634,0.852112676056338,NA,1,1380.125,0.928229937297762,1
"Oryzomys angouya",0,NA,0.848591549295775,0.942253521126761,NA,1,604.5,0.930281690140845,1
"Balaenoptera physalus",0,NA,0.942957746478873,0.857746478873239,NA,1,606.833333333333,0.933568075117371,1
"Lagothrix lagotricha",0,0.793732125834128,0.977464788732394,0.973239436619718,NA,1,1314.375,0.93610908779656,1
"Tamias amoenus",0,0.920519542421354,0.899295774647887,0.930985915492958,NA,1,1426,0.93770030814055,1
"Varecia variegata",0,0.9430409914204,0.890140845070423,0.919718309859155,NA,1,1446,0.938225036587494,1
"Eschrichtius robustus",0,NA,0.942957746478873,0.871830985915493,NA,1,610.166666666667,0.938262910798122,1
"Spermophilus lateralis",0,0.88465204957102,0.899295774647887,0.971830985915493,NA,1,1395.625,0.9389447025336,1
"Cynomys ludovicianus",0,0.965085795996187,0.848591549295775,0.997183098591549,NA,1,1475.5,0.952715110970878,1
"Dorcopsis muelleri",0,NA,0.922535211267606,0.946478873239437,NA,1,623,0.956338028169014,1
"Chaetophractus vellerosus",0,0.98987130600572,0.982394366197183,0.861971830985915,NA,1,1501.25,0.958559375797205,1
"Eulemur macaco",0,0.968064823641563,0.890140845070423,0.98169014084507,NA,1,1483.25,0.959973952389264,1
"Physeter catodon",0,NA,0.942957746478873,0.953521126760563,NA,1,629.5,0.965492957746479,1
"Macropus parma",0,NA,0.922535211267606,0.990140845070423,NA,1,633.333333333333,0.970892018779343,1
"Spermophilus parryii",0,0.939823641563394,0.96830985915493,0.976056338028169,NA,1,1466.5,0.971047459686623,1
"Lynx pardinus",0,NA,0.977464788732394,0.977464788732394,NA,1,643.333333333333,0.984976525821596,1
"Phocoena spinipinnis",0,NA,1,1,NA,1,654,1,1
